Producto_Descripcion,Cliente_Descripcion,Cluster,Fecha_Pronostico,Pronostico_Ensemble_PedidoPiezas,Pronostico_Min,Pronostico_Max
ANALGESICO + ANTIPERETICO TABLETAS 1,Cliente 1,0,2025-10-01,380679.85734176537,150597.37597583316,654263.7563280616
ANALGESICO + ANTIPERETICO TABLETAS 1,Cliente 1,0,2025-11-01,361188.1137929186,124000.44319797315,626029.7403253507
ANALGESICO + ANTIPERETICO TABLETAS 1,Cliente 1,0,2025-12-01,334739.02442944335,54231.0975043684,542671.207893432
ANALGESICO + ANTIPERETICO TABLETAS 1,Cliente 1,0,2026-01-01,407930.660902753,134225.23487886545,633072.7455123329
ANALGESICO + ANTIPERETICO TABLETAS 1,Cliente 1,0,2026-02-01,371743.13003686274,227116.86892248574,719338.9206614034
ANALGESICO + ANTIPERETICO TABLETAS 1,Cliente 1,0,2026-03-01,381933.2110697447,82254.74219115455,587114.1060786347
ANALGESICO + ANTIPERETICO TABLETAS 1,Cliente 1,0,2026-04-01,373259.8049089001,61043.602845673544,547844.9930077117
ANALGESICO + ANTIPERETICO TABLETAS 1,Cliente 1,0,2026-05-01,422926.05187859666,72498.20515496582,583799.7898126021
ANALGESICO + ANTIPERETICO TABLETAS 1,Cliente 1,0,2026-06-01,384538.26224345894,71455.86048093237,547000.5705959034
ANALGESICO + ANTIPERETICO TABLETAS 1,Cliente 1,0,2026-07-01,414709.5761276625,117621.56385776965,603610.0474330013
ANALGESICO + ANTIPERETICO TABLETAS 1,Cliente 1,0,2026-08-01,442536.6638162502,160866.8266384554,639935.6497619938
ANALGESICO + ANTIPERETICO TABLETAS 1,Cliente 1,0,2026-09-01,401649.45802036,129883.45433394356,639741.4867824443
ANALGESICO + ANTIPERETICO TABLETAS 1,Cliente 2,0,2025-10-01,116801.03240379358,-30456.641265322505,254036.57905564937
ANALGESICO + ANTIPERETICO TABLETAS 1,Cliente 2,0,2025-11-01,223074.79005882857,150466.38757298436,422851.093937691
ANALGESICO + ANTIPERETICO TABLETAS 1,Cliente 2,0,2025-12-01,212192.70326239135,44594.35229404806,316072.9719435883
ANALGESICO + ANTIPERETICO TABLETAS 1,Cliente 2,0,2026-01-01,182820.99566831056,46801.002995494855,312052.83233920723
ANALGESICO + ANTIPERETICO TABLETAS 1,Cliente 2,0,2026-02-01,126316.66488383303,-80912.88806652275,197386.53135231568
ANALGESICO + ANTIPERETICO TABLETAS 1,Cliente 2,0,2026-03-01,246303.733473474,106930.73719991642,379272.3320912623
ANALGESICO + ANTIPERETICO TABLETAS 1,Cliente 2,0,2026-04-01,214861.2548699187,36586.59084246244,321808.6521589401
ANALGESICO + ANTIPERETICO TABLETAS 1,Cliente 2,0,2026-05-01,130589.06392076035,-42537.39381700535,249377.97302244295
ANALGESICO + ANTIPERETICO TABLETAS 1,Cliente 2,0,2026-06-01,116642.0107603842,-48536.84821390429,230550.09421436457
ANALGESICO + ANTIPERETICO TABLETAS 1,Cliente 2,0,2026-07-01,143670.79618304045,577.8710118848857,271257.24262544996
ANALGESICO + ANTIPERETICO TABLETAS 1,Cliente 2,0,2026-08-01,151163.54673030323,33865.59416487958,316707.77797076316
ANALGESICO + ANTIPERETICO TABLETAS 1,Cliente 2,0,2026-09-01,112792.64226405222,-38404.55972207833,235633.66464286254
ANALGESICO + ANTIPERETICO TABLETAS 1,Cliente 3,0,2025-10-01,246882.04758818293,-104784.68760149287,471836.1803600646
ANALGESICO + ANTIPERETICO TABLETAS 1,Cliente 3,0,2025-11-01,312725.9356208598,69523.1003317074,635900.4348175582
ANALGESICO + ANTIPERETICO TABLETAS 1,Cliente 3,0,2025-12-01,127320.82497630191,-168099.39501537915,409513.83453069086
ANALGESICO + ANTIPERETICO TABLETAS 1,Cliente 3,0,2026-01-01,274134.49261030974,9268.01028032548,602941.3006026703
ANALGESICO + ANTIPERETICO TABLETAS 1,Cliente 3,0,2026-02-01,299010.6468786313,-34641.82645366988,572634.0734889903
ANALGESICO + ANTIPERETICO TABLETAS 1,Cliente 3,0,2026-03-01,189117.25079150367,-98544.06892484472,449241.9897576877
ANALGESICO + ANTIPERETICO TABLETAS 1,Cliente 3,0,2026-04-01,192870.88693820787,-158031.04082486525,409412.6488721397
ANALGESICO + ANTIPERETICO TABLETAS 1,Cliente 3,0,2026-05-01,147647.63652245,-214942.36189883418,390796.59963443654
ANALGESICO + ANTIPERETICO TABLETAS 1,Cliente 3,0,2026-06-01,381835.92297228373,117727.65123045858,673372.5999761343
ANALGESICO + ANTIPERETICO TABLETAS 1,Cliente 3,0,2026-07-01,344128.73852877825,56522.481446364414,653078.5119215909
ANALGESICO + ANTIPERETICO TABLETAS 1,Cliente 3,0,2026-08-01,285053.54138785164,-44810.594912671004,535927.4796601937
ANALGESICO + ANTIPERETICO TABLETAS 1,Cliente 3,0,2026-09-01,144532.86839711558,-185492.35272861886,397814.58943524153
ANALGESICO + ANTIPERETICO TABLETAS 1,Cliente 5,0,2025-10-01,146956.22982268702,49589.82239696981,210267.41315097496
ANALGESICO + ANTIPERETICO TABLETAS 1,Cliente 5,0,2025-11-01,88080.23604086782,29869.266089503868,196151.92397923718
ANALGESICO + ANTIPERETICO TABLETAS 1,Cliente 5,0,2025-12-01,84391.27666869023,38029.05887286335,200975.67525736665
ANALGESICO + ANTIPERETICO TABLETAS 1,Cliente 5,0,2026-01-01,121537.08374296693,46685.52999239666,208705.43464506962
ANALGESICO + ANTIPERETICO TABLETAS 1,Cliente 5,0,2026-02-01,68588.00921564504,-12105.999119486416,153816.85172630314
ANALGESICO + ANTIPERETICO TABLETAS 1,Cliente 5,0,2026-03-01,93453.44203678682,8582.757607925692,166761.1636196519
ANALGESICO + ANTIPERETICO TABLETAS 1,Cliente 5,0,2026-04-01,107996.26674573531,1103.4086204208286,166512.94741940562
ANALGESICO + ANTIPERETICO TABLETAS 1,Cliente 5,0,2026-05-01,80783.88497408836,29342.85472643252,194905.24374338874
ANALGESICO + ANTIPERETICO TABLETAS 1,Cliente 5,0,2026-06-01,104734.59161643292,35517.42877607316,199798.36059330506
ANALGESICO + ANTIPERETICO TABLETAS 1,Cliente 5,0,2026-07-01,104843.4117738239,8097.577394719999,171150.67396185413
ANALGESICO + ANTIPERETICO TABLETAS 1,Cliente 5,0,2026-08-01,100476.81843407535,26353.11597511322,192918.77603941152
ANALGESICO + ANTIPERETICO TABLETAS 1,Cliente 5,0,2026-09-01,73462.40178560659,5853.695141998774,172828.22367608603
ANALGESICO + ANTIPERETICO TABLETAS 1,Cliente Otros,0,2025-10-01,203615.14288522207,120077.7142251988,278810.56647580373
ANALGESICO + ANTIPERETICO TABLETAS 1,Cliente Otros,0,2025-11-01,145795.64339704267,51114.18026425558,201572.06327782918
ANALGESICO + ANTIPERETICO TABLETAS 1,Cliente Otros,0,2025-12-01,129986.22218723828,33701.99452994616,186936.76322738576
ANALGESICO + ANTIPERETICO TABLETAS 1,Cliente Otros,0,2026-01-01,221959.16851569086,128794.96053444047,291295.43101269397
ANALGESICO + ANTIPERETICO TABLETAS 1,Cliente Otros,0,2026-02-01,196808.04785414043,120236.65176905265,274518.4166588767
ANALGESICO + ANTIPERETICO TABLETAS 1,Cliente Otros,0,2026-03-01,175599.10423312197,56866.564159537425,209900.29736089119
ANALGESICO + ANTIPERETICO TABLETAS 1,Cliente Otros,0,2026-04-01,162171.25912319074,47139.909297059225,197466.17982106
ANALGESICO + ANTIPERETICO TABLETAS 1,Cliente Otros,0,2026-05-01,163684.83104244238,58460.52461530018,212912.3665683412
ANALGESICO + ANTIPERETICO TABLETAS 1,Cliente Otros,0,2026-06-01,199446.5614683995,109931.92372784129,261361.36749688664
ANALGESICO + ANTIPERETICO TABLETAS 1,Cliente Otros,0,2026-07-01,140352.5430431102,41294.42633916941,195949.21358400906
ANALGESICO + ANTIPERETICO TABLETAS 1,Cliente Otros,0,2026-08-01,191588.14100822256,111066.08920831111,252878.9873515181
ANALGESICO + ANTIPERETICO TABLETAS 1,Cliente Otros,0,2026-09-01,196184.0465638688,92201.83535143016,245500.57957008012
ANALGESICO + ANTIPERETICO TABLETAS 2,Cliente 1,0,2025-10-01,334102.8194832694,-94176.75830957136,461366.5769891065
ANALGESICO + ANTIPERETICO TABLETAS 2,Cliente 1,0,2025-11-01,378191.45904548565,57709.523840479385,599833.0307713782
ANALGESICO + ANTIPERETICO TABLETAS 2,Cliente 1,0,2025-12-01,268552.4094881433,-35948.479441587246,524731.2399158002
ANALGESICO + ANTIPERETICO TABLETAS 2,Cliente 1,0,2026-01-01,370052.1151849977,39249.85058236581,610065.4359219072
ANALGESICO + ANTIPERETICO TABLETAS 2,Cliente 1,0,2026-02-01,445470.07099938503,189637.18038053866,769060.6242536292
ANALGESICO + ANTIPERETICO TABLETAS 2,Cliente 1,0,2026-03-01,328077.45765742386,-5756.5662543042345,539914.56988398
ANALGESICO + ANTIPERETICO TABLETAS 2,Cliente 1,0,2026-04-01,316270.66925832647,24832.59582243825,603942.608752435
ANALGESICO + ANTIPERETICO TABLETAS 2,Cliente 1,0,2026-05-01,288164.3740720839,-70256.39577548935,469655.31480719574
ANALGESICO + ANTIPERETICO TABLETAS 2,Cliente 1,0,2026-06-01,172035.19720943636,-119499.16175033714,439966.0448973186
ANALGESICO + ANTIPERETICO TABLETAS 2,Cliente 1,0,2026-07-01,220898.44626309932,-71707.77644618184,473152.12567480694
ANALGESICO + ANTIPERETICO TABLETAS 2,Cliente 1,0,2026-08-01,272176.0061429077,5801.055947772404,556798.5477028631
ANALGESICO + ANTIPERETICO TABLETAS 2,Cliente 1,0,2026-09-01,306047.8068370098,-18226.801391200534,542482.8027616943
ANALGESICO + ANTIPERETICO TABLETAS 2,Cliente 2,0,2025-10-01,134560.41368156686,-119631.6278152846,305593.8494723663
ANALGESICO + ANTIPERETICO TABLETAS 2,Cliente 2,0,2025-11-01,138087.953865821,-24806.326568468918,388719.8262452229
ANALGESICO + ANTIPERETICO TABLETAS 2,Cliente 2,0,2025-12-01,166266.01114781245,-25926.974321830097,386206.93260123156
ANALGESICO + ANTIPERETICO TABLETAS 2,Cliente 2,0,2026-01-01,249233.38786991793,-21887.37144638211,430270.73332714196
ANALGESICO + ANTIPERETICO TABLETAS 2,Cliente 2,0,2026-02-01,251533.1155792412,-2694.5857221772035,422464.32763405563
ANALGESICO + ANTIPERETICO TABLETAS 2,Cliente 2,0,2026-03-01,307701.4924408304,92626.73608849324,534393.191125129
ANALGESICO + ANTIPERETICO TABLETAS 2,Cliente 2,0,2026-04-01,229999.85934622804,55551.97164909057,479574.15192022495
ANALGESICO + ANTIPERETICO TABLETAS 2,Cliente 2,0,2026-05-01,119081.39339179959,-120883.59364412351,283990.50503884733
ANALGESICO + ANTIPERETICO TABLETAS 2,Cliente 2,0,2026-06-01,114581.39977140457,-82755.30893151942,353830.1292416519
ANALGESICO + ANTIPERETICO TABLETAS 2,Cliente 2,0,2026-07-01,94589.99642985828,-117534.26056913231,311957.6012964554
ANALGESICO + ANTIPERETICO TABLETAS 2,Cliente 2,0,2026-08-01,115190.0865606735,-58031.30775575889,381888.22570196463
ANALGESICO + ANTIPERETICO TABLETAS 2,Cliente 2,0,2026-09-01,199066.88363604285,-36362.06223877748,363492.5085373888
ANALGESICO + ANTIPERETICO TABLETAS 2,Cliente 3,0,2025-10-01,240904.89652589554,-116239.54286922226,591814.1566031781
ANALGESICO + ANTIPERETICO TABLETAS 2,Cliente 3,0,2025-11-01,294162.6009353786,-33630.46601217611,727680.2237928013
ANALGESICO + ANTIPERETICO TABLETAS 2,Cliente 3,0,2025-12-01,210685.79696101128,-141687.2923321541,620062.0282450635
ANALGESICO + ANTIPERETICO TABLETAS 2,Cliente 3,0,2026-01-01,456710.13750618184,109591.46638789849,835702.8180499398
ANALGESICO + ANTIPERETICO TABLETAS 2,Cliente 3,0,2026-02-01,374762.35544013575,-291.40175392687013,733546.3040260907
ANALGESICO + ANTIPERETICO TABLETAS 2,Cliente 3,0,2026-03-01,239150.45565765773,-197083.82888988382,516976.0214203316
ANALGESICO + ANTIPERETICO TABLETAS 2,Cliente 3,0,2026-04-01,166814.51292644217,-308608.6089371258,428006.90046848095
ANALGESICO + ANTIPERETICO TABLETAS 2,Cliente 3,0,2026-05-01,141903.91002957054,-375903.07796752034,417285.2964060692
ANALGESICO + ANTIPERETICO TABLETAS 2,Cliente 3,0,2026-06-01,256009.0202462233,-166982.57999873115,557583.1617816121
ANALGESICO + ANTIPERETICO TABLETAS 2,Cliente 3,0,2026-07-01,292267.0365063601,-143067.10002455697,620503.3898652757
ANALGESICO + ANTIPERETICO TABLETAS 2,Cliente 3,0,2026-08-01,262789.64674273744,-132866.56048737784,616700.0493050875
ANALGESICO + ANTIPERETICO TABLETAS 2,Cliente 3,0,2026-09-01,186896.44045595918,-288525.22102085344,491238.3781456197
ANALGESICO + ANTIPERETICO TABLETAS 2,Cliente 5,0,2025-10-01,95681.0033193718,92166.79251604131,207231.01877363157
ANALGESICO + ANTIPERETICO TABLETAS 2,Cliente 5,0,2025-11-01,78557.05888109824,11284.956948677254,128777.30054837641
ANALGESICO + ANTIPERETICO TABLETAS 2,Cliente 5,0,2025-12-01,92743.82578413228,42237.81905931326,157677.11917535393
ANALGESICO + ANTIPERETICO TABLETAS 2,Cliente 5,0,2026-01-01,105122.20670473123,51316.17688948226,172243.4631653434
ANALGESICO + ANTIPERETICO TABLETAS 2,Cliente 5,0,2026-02-01,72437.14952836024,-10186.062340656974,100831.17651972455
ANALGESICO + ANTIPERETICO TABLETAS 2,Cliente 5,0,2026-03-01,94801.48130562487,26622.858179603427,149057.87477978243
ANALGESICO + ANTIPERETICO TABLETAS 2,Cliente 5,0,2026-04-01,81774.4390042733,15358.360182057675,138101.09875453464
ANALGESICO + ANTIPERETICO TABLETAS 2,Cliente 5,0,2026-05-01,75327.17510265193,23449.33769441785,145525.12987404244
ANALGESICO + ANTIPERETICO TABLETAS 2,Cliente 5,0,2026-06-01,57132.37861173061,27131.092889925796,143105.11946986447
ANALGESICO + ANTIPERETICO TABLETAS 2,Cliente 5,0,2026-07-01,38101.65921099849,-18658.62966653683,98519.20651117158
ANALGESICO + ANTIPERETICO TABLETAS 2,Cliente 5,0,2026-08-01,60865.955960746775,18254.519996623625,135848.5680714752
ANALGESICO + ANTIPERETICO TABLETAS 2,Cliente 5,0,2026-09-01,67018.95561977878,4912.996839127203,119782.8366937133
ANALGESICO + ANTIPERETICO TABLETAS 2,Cliente Otros,0,2025-10-01,155575.52050098588,55704.34275634578,250522.12707531892
ANALGESICO + ANTIPERETICO TABLETAS 2,Cliente Otros,0,2025-11-01,114009.4491175257,-370.03519448833356,191614.5014714489
ANALGESICO + ANTIPERETICO TABLETAS 2,Cliente Otros,0,2025-12-01,94528.45344833676,-22807.35884312022,165645.5276909802
ANALGESICO + ANTIPERETICO TABLETAS 2,Cliente Otros,0,2026-01-01,162648.07911317158,79863.41091765511,272409.342871846
ANALGESICO + ANTIPERETICO TABLETAS 2,Cliente Otros,0,2026-02-01,166540.09460492374,65346.21487654465,250393.26449824675
ANALGESICO + ANTIPERETICO TABLETAS 2,Cliente Otros,0,2026-03-01,169214.03715853972,20258.08575494724,212382.2117874386
ANALGESICO + ANTIPERETICO TABLETAS 2,Cliente Otros,0,2026-04-01,133694.5451639575,-9542.986183871068,190807.94944011787
ANALGESICO + ANTIPERETICO TABLETAS 2,Cliente Otros,0,2026-05-01,105926.0652911206,-22493.283203274597,172258.14178606242
ANALGESICO + ANTIPERETICO TABLETAS 2,Cliente Otros,0,2026-06-01,106498.76032860401,36211.68684663123,223660.06774851165
ANALGESICO + ANTIPERETICO TABLETAS 2,Cliente Otros,0,2026-07-01,100964.61935537886,-18666.578565875654,175565.73999538756
ANALGESICO + ANTIPERETICO TABLETAS 2,Cliente Otros,0,2026-08-01,130977.17643673503,237.76316134444534,202585.709742634
ANALGESICO + ANTIPERETICO TABLETAS 2,Cliente Otros,0,2026-09-01,119478.81746738862,45.0905910146376,198705.91755411157
ANTIBIOTICO + ANTIFUNGICO CREMA,Cliente 1,1,2025-10-01,790386.5146240866,-450840.8553014172,3328328.8431340023
ANTIBIOTICO + ANTIFUNGICO CREMA,Cliente 1,1,2025-11-01,800560.5521178328,-646115.4562881083,3188413.2534594117
ANTIBIOTICO + ANTIFUNGICO CREMA,Cliente 1,1,2025-12-01,681553.2179899574,-1046720.0622409091,2667396.161979306
ANTIBIOTICO + ANTIFUNGICO CREMA,Cliente 1,1,2026-01-01,830752.3760413906,225788.11398754138,3880883.3753734804
ANTIBIOTICO + ANTIFUNGICO CREMA,Cliente 1,1,2026-02-01,705324.6299788972,-894600.1471305632,3090280.253587636
ANTIBIOTICO + ANTIFUNGICO CREMA,Cliente 1,1,2026-03-01,747311.4916661191,102397.13050669947,3825369.3705725423
ANTIBIOTICO + ANTIFUNGICO CREMA,Cliente 1,1,2026-04-01,726097.5129626814,8428.252719539898,3909960.2364677372
ANTIBIOTICO + ANTIFUNGICO CREMA,Cliente 1,1,2026-05-01,585308.794490845,-1332663.4390932564,2481841.4333965005
ANTIBIOTICO + ANTIFUNGICO CREMA,Cliente 1,1,2026-06-01,475885.06489430834,-1331839.7285520877,2534022.0804519574
ANTIBIOTICO + ANTIFUNGICO CREMA,Cliente 1,1,2026-07-01,592435.6699835085,-596934.3174579638,3145292.686589767
ANTIBIOTICO + ANTIFUNGICO CREMA,Cliente 1,1,2026-08-01,497242.9753238323,-1028197.7589627691,2490387.3729295623
ANTIBIOTICO + ANTIFUNGICO CREMA,Cliente 1,1,2026-09-01,748258.1088488459,-305050.592744075,3299535.4452198944
ANTIBIOTICO + ANTIFUNGICO CREMA,Cliente 2,1,2025-10-01,476221.8053270586,-624072.3832733274,1034557.8195841056
ANTIBIOTICO + ANTIFUNGICO CREMA,Cliente 2,1,2025-11-01,523332.1718958472,-241645.54601237032,1267763.3060702474
ANTIBIOTICO + ANTIFUNGICO CREMA,Cliente 2,1,2025-12-01,549692.5510036005,6228.747800313084,1572119.2320922029
ANTIBIOTICO + ANTIFUNGICO CREMA,Cliente 2,1,2026-01-01,459984.85293327057,-232939.81212128975,1294594.272953574
ANTIBIOTICO + ANTIFUNGICO CREMA,Cliente 2,1,2026-02-01,336284.27221405826,-519036.89928585273,1014649.3172350546
ANTIBIOTICO + ANTIFUNGICO CREMA,Cliente 2,1,2026-03-01,537688.1551711247,-63783.52891086758,1579262.1883920492
ANTIBIOTICO + ANTIFUNGICO CREMA,Cliente 2,1,2026-04-01,596811.8273526761,20242.332976761325,1555897.639854651
ANTIBIOTICO + ANTIFUNGICO CREMA,Cliente 2,1,2026-05-01,372935.97579371353,-558769.8056870142,1051229.3626298825
ANTIBIOTICO + ANTIFUNGICO CREMA,Cliente 2,1,2026-06-01,566088.2274102707,-360225.0019934069,1162111.0931396345
ANTIBIOTICO + ANTIFUNGICO CREMA,Cliente 2,1,2026-07-01,700170.334228882,-104992.55464156678,1426168.6516929038
ANTIBIOTICO + ANTIFUNGICO CREMA,Cliente 2,1,2026-08-01,469530.14854202466,-571910.55374793,1009915.3947868133
ANTIBIOTICO + ANTIFUNGICO CREMA,Cliente 2,1,2026-09-01,393501.00408534164,-498275.6968104637,1050266.4490955523
ANTIBIOTICO + ANTIFUNGICO CREMA,Cliente 3,2,2025-10-01,1439621.2512104362,-284788.9415973521,5246970.176791109
ANTIBIOTICO + ANTIFUNGICO CREMA,Cliente 3,2,2025-11-01,1469900.3457395649,-167995.91400393134,5393113.03308063
ANTIBIOTICO + ANTIFUNGICO CREMA,Cliente 3,2,2025-12-01,304384.08535572706,-2641134.5608750707,2903242.8047662578
ANTIBIOTICO + ANTIFUNGICO CREMA,Cliente 3,2,2026-01-01,2038725.5441442516,-112496.12218108245,5642882.208309714
ANTIBIOTICO + ANTIFUNGICO CREMA,Cliente 3,2,2026-02-01,1012178.4830419814,-2050294.3067757967,3654309.246279397
ANTIBIOTICO + ANTIFUNGICO CREMA,Cliente 3,2,2026-03-01,723563.6525902293,-2496890.6953908647,2987488.6987121888
ANTIBIOTICO + ANTIFUNGICO CREMA,Cliente 3,2,2026-04-01,1964432.8926936965,773132.8940008793,6347000.87206071
ANTIBIOTICO + ANTIFUNGICO CREMA,Cliente 3,2,2026-05-01,532954.916873121,-2780678.473151471,3049970.66347081
ANTIBIOTICO + ANTIFUNGICO CREMA,Cliente 3,2,2026-06-01,707245.3130739174,-2434461.398365435,3270118.1563986083
ANTIBIOTICO + ANTIFUNGICO CREMA,Cliente 3,2,2026-07-01,1294654.71272893,-1196449.6242196679,4484586.652508811
ANTIBIOTICO + ANTIFUNGICO CREMA,Cliente 3,2,2026-08-01,1535304.8275590886,-1420586.120541299,4512307.839992071
ANTIBIOTICO + ANTIFUNGICO CREMA,Cliente 3,2,2026-09-01,999166.652343498,-2034167.605491611,3434396.513004016
ANTIBIOTICO + ANTIFUNGICO CREMA,Cliente 5,1,2025-10-01,738930.2745391983,231718.55711287793,1318052.5799253162
ANTIBIOTICO + ANTIFUNGICO CREMA,Cliente 5,1,2025-11-01,503873.83495943126,-165071.4892277283,950623.391615711
ANTIBIOTICO + ANTIFUNGICO CREMA,Cliente 5,1,2025-12-01,919965.308424511,601707.0634450085,1664295.112519699
ANTIBIOTICO + ANTIFUNGICO CREMA,Cliente 5,1,2026-01-01,787761.8475162392,210943.60552972453,1295162.2840885974
ANTIBIOTICO + ANTIFUNGICO CREMA,Cliente 5,1,2026-02-01,794169.5382653158,252400.17589644028,1296633.508829972
ANTIBIOTICO + ANTIFUNGICO CREMA,Cliente 5,1,2026-03-01,928240.7850153866,358517.36768921785,1400257.2334994217
ANTIBIOTICO + ANTIFUNGICO CREMA,Cliente 5,1,2026-04-01,669451.2616215877,162612.2549610296,1193300.5551311714
ANTIBIOTICO + ANTIFUNGICO CREMA,Cliente 5,1,2026-05-01,1107183.1072961804,622942.7451470197,1664425.7009814233
ANTIBIOTICO + ANTIFUNGICO CREMA,Cliente 5,1,2026-06-01,1033796.7955051325,501766.5811709097,1536486.9116274572
ANTIBIOTICO + ANTIFUNGICO CREMA,Cliente 5,1,2026-07-01,968831.7417115336,510461.3617123232,1551929.767487594
ANTIBIOTICO + ANTIFUNGICO CREMA,Cliente 5,1,2026-08-01,954348.8342591459,612328.6613679758,1656090.3337787597
ANTIBIOTICO + ANTIFUNGICO CREMA,Cliente 5,1,2026-09-01,916175.5992480079,514121.12041564484,1517836.6485914055
ANTIBIOTICO + ANTIFUNGICO CREMA,Cliente Otros,1,2025-10-01,1118837.1187859366,322566.2762902846,2373237.267312388
ANTIBIOTICO + ANTIFUNGICO CREMA,Cliente Otros,1,2025-11-01,890256.8785479227,-162723.97311596823,1903053.845011128
ANTIBIOTICO + ANTIFUNGICO CREMA,Cliente Otros,1,2025-12-01,607310.6011704338,-799630.0390927261,1346135.929419247
ANTIBIOTICO + ANTIFUNGICO CREMA,Cliente Otros,1,2026-01-01,782820.5689603199,-788890.0393107049,1428373.5691470604
ANTIBIOTICO + ANTIFUNGICO CREMA,Cliente Otros,1,2026-02-01,807724.0477441432,-278650.7019488808,1911768.4372343025
ANTIBIOTICO + ANTIFUNGICO CREMA,Cliente Otros,1,2026-03-01,759528.9788795864,-160757.79626036476,1869435.2396518355
ANTIBIOTICO + ANTIFUNGICO CREMA,Cliente Otros,1,2026-04-01,851765.132439035,59213.20377221428,2154685.8692491134
ANTIBIOTICO + ANTIFUNGICO CREMA,Cliente Otros,1,2026-05-01,877960.0136356322,129458.96464431178,2268739.803456805
ANTIBIOTICO + ANTIFUNGICO CREMA,Cliente Otros,1,2026-06-01,1100110.533835571,-337914.1265803192,1759513.2609256208
ANTIBIOTICO + ANTIFUNGICO CREMA,Cliente Otros,1,2026-07-01,1104534.491216197,388441.24706104526,2434707.983939978
ANTIBIOTICO + ANTIFUNGICO CREMA,Cliente Otros,1,2026-08-01,835180.7976892637,-409080.2187566207,1711702.3069094974
ANTIBIOTICO + ANTIFUNGICO CREMA,Cliente Otros,1,2026-09-01,762546.448573629,-306691.4992721654,1849040.5450494417
ANTIBIOTICO SOLUCIONES INYECTABLE 2,Cliente 1,0,2025-10-01,333037.8137675298,-79044.22433529282,1843606.6035624482
ANTIBIOTICO SOLUCIONES INYECTABLE 2,Cliente 1,0,2025-11-01,279311.5441661196,-236317.91438814075,1731098.8857876512
ANTIBIOTICO SOLUCIONES INYECTABLE 2,Cliente 1,0,2025-12-01,311598.4478122132,-37713.83544448991,1923308.991313151
ANTIBIOTICO SOLUCIONES INYECTABLE 2,Cliente 1,0,2026-01-01,360797.36890372244,-33922.004624206544,1911567.7364760072
ANTIBIOTICO SOLUCIONES INYECTABLE 2,Cliente 1,0,2026-02-01,401612.8235218344,76036.07891570589,1989044.1661934536
ANTIBIOTICO SOLUCIONES INYECTABLE 2,Cliente 1,0,2026-03-01,324209.18343266705,-43748.79524342803,1842874.5676578826
ANTIBIOTICO SOLUCIONES INYECTABLE 2,Cliente 1,0,2026-04-01,324334.4278195129,-152053.49722774312,1825765.7528497444
ANTIBIOTICO SOLUCIONES INYECTABLE 2,Cliente 1,0,2026-05-01,323796.13898071094,-206206.76255876521,1723944.913100246
ANTIBIOTICO SOLUCIONES INYECTABLE 2,Cliente 1,0,2026-06-01,281375.9306052521,-378344.4693281633,1606764.604454375
ANTIBIOTICO SOLUCIONES INYECTABLE 2,Cliente 1,0,2026-07-01,289943.04531978915,-169137.841562834,1708373.0954826812
ANTIBIOTICO SOLUCIONES INYECTABLE 2,Cliente 1,0,2026-08-01,283279.77291209396,-301530.2003907848,1707473.7545958704
ANTIBIOTICO SOLUCIONES INYECTABLE 2,Cliente 1,0,2026-09-01,290588.0831824466,-326149.0574408182,1632254.3386628998
ANTIBIOTICO SOLUCIONES INYECTABLE 2,Cliente 2,0,2025-10-01,120821.05155303743,-92253.79660995121,503478.5712231961
ANTIBIOTICO SOLUCIONES INYECTABLE 2,Cliente 2,0,2025-11-01,126290.33590049781,-92493.52644042819,518361.9161689536
ANTIBIOTICO SOLUCIONES INYECTABLE 2,Cliente 2,0,2025-12-01,70241.6769700438,-237689.56730118772,403522.9521415383
ANTIBIOTICO SOLUCIONES INYECTABLE 2,Cliente 2,0,2026-01-01,234491.1350129504,-6416.209357383476,620324.4723850535
ANTIBIOTICO SOLUCIONES INYECTABLE 2,Cliente 2,0,2026-02-01,87091.01671236752,-174251.8593823346,424348.1783138382
ANTIBIOTICO SOLUCIONES INYECTABLE 2,Cliente 2,0,2026-03-01,284826.85075163835,100588.15213161684,725168.8158007024
ANTIBIOTICO SOLUCIONES INYECTABLE 2,Cliente 2,0,2026-04-01,121021.84598886025,-91092.28879243523,518559.7767750061
ANTIBIOTICO SOLUCIONES INYECTABLE 2,Cliente 2,0,2026-05-01,39318.84935462147,-290688.747232421,344471.1585949672
ANTIBIOTICO SOLUCIONES INYECTABLE 2,Cliente 2,0,2026-06-01,135421.61330384668,-137960.24903939175,485190.2837538914
ANTIBIOTICO SOLUCIONES INYECTABLE 2,Cliente 2,0,2026-07-01,131000.20216485237,-79002.19654075643,546440.4094975112
ANTIBIOTICO SOLUCIONES INYECTABLE 2,Cliente 2,0,2026-08-01,40775.79861388224,-274639.2523741609,359939.7742774295
ANTIBIOTICO SOLUCIONES INYECTABLE 2,Cliente 2,0,2026-09-01,43714.61349273115,-290321.4224386097,340071.1345075142
ANTIBIOTICO SOLUCIONES INYECTABLE 2,Cliente 3,3,2025-10-01,1013398.8934051944,-96333.06559613296,3984954.6409426257
ANTIBIOTICO SOLUCIONES INYECTABLE 2,Cliente 3,3,2025-11-01,831107.5676220712,-541284.7908856504,3584494.156978122
ANTIBIOTICO SOLUCIONES INYECTABLE 2,Cliente 3,3,2025-12-01,326656.3713575784,-1616941.8071023878,2598485.312017031
ANTIBIOTICO SOLUCIONES INYECTABLE 2,Cliente 3,3,2026-01-01,1154309.4033744473,18197.14224511943,3979055.951835484
ANTIBIOTICO SOLUCIONES INYECTABLE 2,Cliente 3,3,2026-02-01,344461.3074946037,-1782789.4672380844,2235903.3950470802
ANTIBIOTICO SOLUCIONES INYECTABLE 2,Cliente 3,3,2026-03-01,489094.29311659216,-1876493.3154931476,2298770.389780749
ANTIBIOTICO SOLUCIONES INYECTABLE 2,Cliente 3,3,2026-04-01,1043551.7270676947,-352466.90899885766,3898153.5051751654
ANTIBIOTICO SOLUCIONES INYECTABLE 2,Cliente 3,3,2026-05-01,204482.1260953031,-1985097.1047911434,2060124.4794614871
ANTIBIOTICO SOLUCIONES INYECTABLE 2,Cliente 3,3,2026-06-01,226221.58893967778,-2109246.1936245477,2025586.0718312296
ANTIBIOTICO SOLUCIONES INYECTABLE 2,Cliente 3,3,2026-07-01,813180.9202654721,-562004.9883527763,3356984.0042550606
ANTIBIOTICO SOLUCIONES INYECTABLE 2,Cliente 3,3,2026-08-01,220674.67494924655,-1884396.6381752747,2276537.572329747
ANTIBIOTICO SOLUCIONES INYECTABLE 2,Cliente 3,3,2026-09-01,438803.74174375506,-1607443.0282630918,2651086.3634539274
ANTIBIOTICO SOLUCIONES INYECTABLE 2,Cliente 5,0,2025-10-01,230504.49159334126,-190028.18603811768,1284534.0400520968
ANTIBIOTICO SOLUCIONES INYECTABLE 2,Cliente 5,0,2025-11-01,56634.641970199766,-667064.8905918128,797915.0192937255
ANTIBIOTICO SOLUCIONES INYECTABLE 2,Cliente 5,0,2025-12-01,169726.2412518442,-353438.10709767457,1042837.7036047708
ANTIBIOTICO SOLUCIONES INYECTABLE 2,Cliente 5,0,2026-01-01,181743.19041932773,-412607.96619285364,962756.9708866794
ANTIBIOTICO SOLUCIONES INYECTABLE 2,Cliente 5,0,2026-02-01,246407.74266987186,-293483.7499272892,1220416.6807877189
ANTIBIOTICO SOLUCIONES INYECTABLE 2,Cliente 5,0,2026-03-01,343503.8453240776,-112729.91247668321,1219545.090202569
ANTIBIOTICO SOLUCIONES INYECTABLE 2,Cliente 5,0,2026-04-01,-1996.2609368019232,-910895.0734336154,521351.27762440045
ANTIBIOTICO SOLUCIONES INYECTABLE 2,Cliente 5,0,2026-05-01,13091.59809919991,-828638.4575516585,577196.6396703101
ANTIBIOTICO SOLUCIONES INYECTABLE 2,Cliente 5,0,2026-06-01,37791.82764581021,-776183.4592592026,667019.7626217226
ANTIBIOTICO SOLUCIONES INYECTABLE 2,Cliente 5,0,2026-07-01,-11030.96260527207,-916664.2480018326,566437.389745279
ANTIBIOTICO SOLUCIONES INYECTABLE 2,Cliente 5,0,2026-08-01,146989.80657430112,-535554.2347674544,887616.4177823544
ANTIBIOTICO SOLUCIONES INYECTABLE 2,Cliente 5,0,2026-09-01,73985.28544098951,-694961.6051741112,733817.7324747997
ANTIBIOTICO SOLUCIONES INYECTABLE 2,Cliente Otros,0,2025-10-01,473735.9432669969,148370.7376535832,1270313.2873978566
ANTIBIOTICO SOLUCIONES INYECTABLE 2,Cliente Otros,0,2025-11-01,152340.2366369017,-279044.4436806716,764442.7513285785
ANTIBIOTICO SOLUCIONES INYECTABLE 2,Cliente Otros,0,2025-12-01,132998.1532233856,-336067.4256317776,736618.8179928367
ANTIBIOTICO SOLUCIONES INYECTABLE 2,Cliente Otros,0,2026-01-01,288581.96252942266,-121537.26857336365,927834.2848118545
ANTIBIOTICO SOLUCIONES INYECTABLE 2,Cliente Otros,0,2026-02-01,199714.31123798733,-197453.65050116956,874883.8714661523
ANTIBIOTICO SOLUCIONES INYECTABLE 2,Cliente Otros,0,2026-03-01,150733.02964408338,-309586.30285818706,708143.9592304187
ANTIBIOTICO SOLUCIONES INYECTABLE 2,Cliente Otros,0,2026-04-01,226256.20484260202,-237242.61943099706,838688.5833869876
ANTIBIOTICO SOLUCIONES INYECTABLE 2,Cliente Otros,0,2026-05-01,179062.52130634338,-366818.88746417494,693946.7896503148
ANTIBIOTICO SOLUCIONES INYECTABLE 2,Cliente Otros,0,2026-06-01,108235.98376193018,-394163.07131825044,632425.8697070946
ANTIBIOTICO SOLUCIONES INYECTABLE 2,Cliente Otros,0,2026-07-01,167084.06400797947,-321007.96913612547,727553.9094559012
ANTIBIOTICO SOLUCIONES INYECTABLE 2,Cliente Otros,0,2026-08-01,178398.53560589,-311519.955182985,682939.0634862386
ANTIBIOTICO SOLUCIONES INYECTABLE 2,Cliente Otros,0,2026-09-01,297471.0726541967,-103254.86293556719,897075.1017904148
ANTIBIOTICO SOLUCIONES INYECTABLE 3,Cliente 1,0,2025-10-01,278495.403523605,182781.24105055447,2098588.7388489833
ANTIBIOTICO SOLUCIONES INYECTABLE 3,Cliente 1,0,2025-11-01,225321.02629342183,-233092.9717912878,1679083.191938553
ANTIBIOTICO SOLUCIONES INYECTABLE 3,Cliente 1,0,2025-12-01,187701.89814836974,-50064.61757305928,1690263.1056655187
ANTIBIOTICO SOLUCIONES INYECTABLE 3,Cliente 1,0,2026-01-01,218333.82897162903,-136240.0880468287,1617763.5007488504
ANTIBIOTICO SOLUCIONES INYECTABLE 3,Cliente 1,0,2026-02-01,312317.4361193194,43994.64819177455,1940073.5943283169
ANTIBIOTICO SOLUCIONES INYECTABLE 3,Cliente 1,0,2026-03-01,221170.16358030506,-183223.7748038906,1669326.9884400095
ANTIBIOTICO SOLUCIONES INYECTABLE 3,Cliente 1,0,2026-04-01,199287.00635899487,-17579.610110037942,1969432.9063877228
ANTIBIOTICO SOLUCIONES INYECTABLE 3,Cliente 1,0,2026-05-01,215863.48143157875,-115660.34525842567,1814754.6569408404
ANTIBIOTICO SOLUCIONES INYECTABLE 3,Cliente 1,0,2026-06-01,211682.21681196717,-146492.25761183546,1727902.9123277115
ANTIBIOTICO SOLUCIONES INYECTABLE 3,Cliente 1,0,2026-07-01,195578.87059403013,-217181.579615195,1646718.8425146977
ANTIBIOTICO SOLUCIONES INYECTABLE 3,Cliente 1,0,2026-08-01,196775.47741689882,-395760.02658699756,1477120.9440850199
ANTIBIOTICO SOLUCIONES INYECTABLE 3,Cliente 1,0,2026-09-01,227317.5161392572,-362432.8274385288,1596898.5246181143
ANTIBIOTICO SOLUCIONES INYECTABLE 3,Cliente 2,0,2025-10-01,110042.41039191559,-51084.41950199409,382486.52788040607
ANTIBIOTICO SOLUCIONES INYECTABLE 3,Cliente 2,0,2025-11-01,144192.91984746492,19860.659842785084,416129.6599438822
ANTIBIOTICO SOLUCIONES INYECTABLE 3,Cliente 2,0,2025-12-01,110825.80083426343,-84700.88003260866,337574.9181750605
ANTIBIOTICO SOLUCIONES INYECTABLE 3,Cliente 2,0,2026-01-01,301258.49283848796,147611.6702950743,575734.6498113096
ANTIBIOTICO SOLUCIONES INYECTABLE 3,Cliente 2,0,2026-02-01,228286.21266032607,38596.57690154939,463940.9820785319
ANTIBIOTICO SOLUCIONES INYECTABLE 3,Cliente 2,0,2026-03-01,196125.86890537784,133597.63025029626,531492.9475595215
ANTIBIOTICO SOLUCIONES INYECTABLE 3,Cliente 2,0,2026-04-01,137449.78521292258,-12055.380973909785,402362.76433241455
ANTIBIOTICO SOLUCIONES INYECTABLE 3,Cliente 2,0,2026-05-01,104854.8739518636,-134151.059572592,291278.904769984
ANTIBIOTICO SOLUCIONES INYECTABLE 3,Cliente 2,0,2026-06-01,93091.43951367917,-38802.288818327695,374661.9534586454
ANTIBIOTICO SOLUCIONES INYECTABLE 3,Cliente 2,0,2026-07-01,84247.89561080425,-66851.34905928427,355940.1292230709
ANTIBIOTICO SOLUCIONES INYECTABLE 3,Cliente 2,0,2026-08-01,84364.02879362601,-50122.076296123945,370594.8820705384
ANTIBIOTICO SOLUCIONES INYECTABLE 3,Cliente 2,0,2026-09-01,94150.96221654408,-103675.808901528,298275.04946905177
ANTIBIOTICO SOLUCIONES INYECTABLE 3,Cliente 3,3,2025-10-01,696066.3723647312,-207747.849274382,3982884.0775528145
ANTIBIOTICO SOLUCIONES INYECTABLE 3,Cliente 3,3,2025-11-01,548197.3510330837,-506783.3591585874,3536334.244699346
ANTIBIOTICO SOLUCIONES INYECTABLE 3,Cliente 3,3,2025-12-01,193834.4169614009,-1948725.0057714293,2274379.232204082
ANTIBIOTICO SOLUCIONES INYECTABLE 3,Cliente 3,3,2026-01-01,568598.3468563192,-609612.2757177626,3522723.1867043357
ANTIBIOTICO SOLUCIONES INYECTABLE 3,Cliente 3,3,2026-02-01,238846.51744056042,-1849841.7903213054,2427331.0111526847
ANTIBIOTICO SOLUCIONES INYECTABLE 3,Cliente 3,3,2026-03-01,285250.83299795695,-1468243.7340101376,2700706.034885982
ANTIBIOTICO SOLUCIONES INYECTABLE 3,Cliente 3,3,2026-04-01,645275.4531216074,-156448.35923643425,3997811.6506069605
ANTIBIOTICO SOLUCIONES INYECTABLE 3,Cliente 3,3,2026-05-01,134946.52867478484,-1962445.3906957903,2380066.850897722
ANTIBIOTICO SOLUCIONES INYECTABLE 3,Cliente 3,3,2026-06-01,78418.78832725044,-2373377.6054139487,2050781.5927221093
ANTIBIOTICO SOLUCIONES INYECTABLE 3,Cliente 3,3,2026-07-01,388478.563271089,-1034262.6693090537,3341264.152928953
ANTIBIOTICO SOLUCIONES INYECTABLE 3,Cliente 3,3,2026-08-01,74937.57678342219,-2068125.4094261872,2223011.873333902
ANTIBIOTICO SOLUCIONES INYECTABLE 3,Cliente 3,3,2026-09-01,302232.4783086769,-1601535.260444837,2759725.2233740254
ANTIBIOTICO SOLUCIONES INYECTABLE 3,Cliente 5,0,2025-10-01,227888.0586657466,-19533.19438068509,1276389.9947560846
ANTIBIOTICO SOLUCIONES INYECTABLE 3,Cliente 5,0,2025-11-01,163257.61998172416,-71723.8043971357,1255470.2499565873
ANTIBIOTICO SOLUCIONES INYECTABLE 3,Cliente 5,0,2025-12-01,86585.81201013831,-235146.43530015973,1122005.9181013468
ANTIBIOTICO SOLUCIONES INYECTABLE 3,Cliente 5,0,2026-01-01,179524.714875897,242829.93947960064,1505675.5757007615
ANTIBIOTICO SOLUCIONES INYECTABLE 3,Cliente 5,0,2026-02-01,185499.8083312723,29582.53322163977,1320443.8334892225
ANTIBIOTICO SOLUCIONES INYECTABLE 3,Cliente 5,0,2026-03-01,153421.0717543572,-134633.29459501873,1151051.1969937345
ANTIBIOTICO SOLUCIONES INYECTABLE 3,Cliente 5,0,2026-04-01,139292.5379838346,-464299.1997562987,815168.2424128234
ANTIBIOTICO SOLUCIONES INYECTABLE 3,Cliente 5,0,2026-05-01,116506.25863758412,-488679.4165733082,908916.6159733047
ANTIBIOTICO SOLUCIONES INYECTABLE 3,Cliente 5,0,2026-06-01,120631.20047560276,-586632.444880987,761724.1191433973
ANTIBIOTICO SOLUCIONES INYECTABLE 3,Cliente 5,0,2026-07-01,111933.62481313614,-524721.2308234127,797853.6541294663
ANTIBIOTICO SOLUCIONES INYECTABLE 3,Cliente 5,0,2026-08-01,190087.38800730897,-202716.7335493659,1062873.5399860148
ANTIBIOTICO SOLUCIONES INYECTABLE 3,Cliente 5,0,2026-09-01,138697.66031316944,-456446.09475777484,831633.0799453821
ANTIBIOTICO SOLUCIONES INYECTABLE 3,Cliente Otros,0,2025-10-01,288771.66121361445,99866.50492654198,1438195.5238134456
ANTIBIOTICO SOLUCIONES INYECTABLE 3,Cliente Otros,0,2025-11-01,158787.77108761322,-280944.05314950156,1028463.4532675552
ANTIBIOTICO SOLUCIONES INYECTABLE 3,Cliente Otros,0,2025-12-01,102392.90373738132,-435674.04206462926,861551.6972699272
ANTIBIOTICO SOLUCIONES INYECTABLE 3,Cliente Otros,0,2026-01-01,286773.9562248247,471.44494263221947,1339617.8590294765
ANTIBIOTICO SOLUCIONES INYECTABLE 3,Cliente Otros,0,2026-02-01,185348.64835651164,-201383.92791958092,1072218.8214996653
ANTIBIOTICO SOLUCIONES INYECTABLE 3,Cliente Otros,0,2026-03-01,135461.71498489464,-412449.4806205994,941086.707955995
ANTIBIOTICO SOLUCIONES INYECTABLE 3,Cliente Otros,0,2026-04-01,249453.43520859795,-70229.10640323383,1254268.527051854
ANTIBIOTICO SOLUCIONES INYECTABLE 3,Cliente Otros,0,2026-05-01,110696.10223959033,-477316.3603021962,886591.2457005599
ANTIBIOTICO SOLUCIONES INYECTABLE 3,Cliente Otros,0,2026-06-01,98681.06569914967,-466957.69332466944,863422.6120780612
ANTIBIOTICO SOLUCIONES INYECTABLE 3,Cliente Otros,0,2026-07-01,177823.87387214915,-276546.8819853687,1062782.9743281335
ANTIBIOTICO SOLUCIONES INYECTABLE 3,Cliente Otros,0,2026-08-01,136335.78302605494,-340383.0311754412,996977.7671817006
ANTIBIOTICO SOLUCIONES INYECTABLE 3,Cliente Otros,0,2026-09-01,122396.56181210588,-351208.1400132925,913928.0117207045
ANTIBIOTICO SOLUCIONES INYECTABLE ADULTO,Cliente 1,0,2025-10-01,489506.2880021897,212213.6635867897,1207022.7561052341
ANTIBIOTICO SOLUCIONES INYECTABLE ADULTO,Cliente 1,0,2025-11-01,461348.0958610135,159320.77335190508,1148333.875488136
ANTIBIOTICO SOLUCIONES INYECTABLE ADULTO,Cliente 1,0,2025-12-01,438784.1919718023,178946.265719194,1192915.1726739455
ANTIBIOTICO SOLUCIONES INYECTABLE ADULTO,Cliente 1,0,2026-01-01,376162.51660081465,121185.2907194577,1114758.7434257336
ANTIBIOTICO SOLUCIONES INYECTABLE ADULTO,Cliente 1,0,2026-02-01,600308.7949573201,428884.8671885981,1408314.5572666025
ANTIBIOTICO SOLUCIONES INYECTABLE ADULTO,Cliente 1,0,2026-03-01,468611.8012696398,197102.50540884782,1217127.6887202584
ANTIBIOTICO SOLUCIONES INYECTABLE ADULTO,Cliente 1,0,2026-04-01,404940.392022534,136211.65053611915,1129731.6604543438
ANTIBIOTICO SOLUCIONES INYECTABLE ADULTO,Cliente 1,0,2026-05-01,489585.58754185383,184653.9134566549,1171945.4563145554
ANTIBIOTICO SOLUCIONES INYECTABLE ADULTO,Cliente 1,0,2026-06-01,341003.52022595436,374108.9181123681,1419899.825697744
ANTIBIOTICO SOLUCIONES INYECTABLE ADULTO,Cliente 1,0,2026-07-01,348243.9643024182,97204.12141658054,1145059.5450610814
ANTIBIOTICO SOLUCIONES INYECTABLE ADULTO,Cliente 1,0,2026-08-01,447963.23213490966,95785.01555733736,1135143.201610449
ANTIBIOTICO SOLUCIONES INYECTABLE ADULTO,Cliente 1,0,2026-09-01,418231.3488094208,-10852.554187858814,975999.2956433182
ANTIBIOTICO SOLUCIONES INYECTABLE ADULTO,Cliente 2,0,2025-10-01,139812.30797893726,-66392.01742093339,453222.40788264625
ANTIBIOTICO SOLUCIONES INYECTABLE ADULTO,Cliente 2,0,2025-11-01,160354.6384613089,-61287.26862986044,479214.29203906254
ANTIBIOTICO SOLUCIONES INYECTABLE ADULTO,Cliente 2,0,2025-12-01,141140.8990164677,-38400.70742750031,488887.33190562815
ANTIBIOTICO SOLUCIONES INYECTABLE ADULTO,Cliente 2,0,2026-01-01,313125.46794134064,131000.40018487287,687907.9015255977
ANTIBIOTICO SOLUCIONES INYECTABLE ADULTO,Cliente 2,0,2026-02-01,157280.4113075977,-80436.11034868413,457527.0999563353
ANTIBIOTICO SOLUCIONES INYECTABLE ADULTO,Cliente 2,0,2026-03-01,173600.61537305804,6080.8161617222395,527225.2320496932
ANTIBIOTICO SOLUCIONES INYECTABLE ADULTO,Cliente 2,0,2026-04-01,147779.87187096194,26287.18483953423,526848.3699289471
ANTIBIOTICO SOLUCIONES INYECTABLE ADULTO,Cliente 2,0,2026-05-01,109319.96604952279,-141077.9586387294,378660.6605829813
ANTIBIOTICO SOLUCIONES INYECTABLE ADULTO,Cliente 2,0,2026-06-01,97027.04035887517,-130386.44581241942,397831.29454499745
ANTIBIOTICO SOLUCIONES INYECTABLE ADULTO,Cliente 2,0,2026-07-01,130508.00187592888,-29212.27856300659,496378.0652687339
ANTIBIOTICO SOLUCIONES INYECTABLE ADULTO,Cliente 2,0,2026-08-01,108579.94829398736,-131047.9710320645,410287.6804509817
ANTIBIOTICO SOLUCIONES INYECTABLE ADULTO,Cliente 2,0,2026-09-01,178226.78500878523,-129567.62792262876,382238.9181733044
ANTIBIOTICO SOLUCIONES INYECTABLE ADULTO,Cliente 3,0,2025-10-01,246220.0946840175,-586361.7688734387,977399.2657879579
ANTIBIOTICO SOLUCIONES INYECTABLE ADULTO,Cliente 3,0,2025-11-01,434728.16978175985,-117328.80220163702,1379665.6169178383
ANTIBIOTICO SOLUCIONES INYECTABLE ADULTO,Cliente 3,0,2025-12-01,467741.9491430737,-109711.77112366595,1432139.1662278397
ANTIBIOTICO SOLUCIONES INYECTABLE ADULTO,Cliente 3,0,2026-01-01,696576.182386422,240495.94478137454,1738204.3706918065
ANTIBIOTICO SOLUCIONES INYECTABLE ADULTO,Cliente 3,0,2026-02-01,379757.1572534616,-242977.51039319654,1259885.929261887
ANTIBIOTICO SOLUCIONES INYECTABLE ADULTO,Cliente 3,0,2026-03-01,417018.3293871327,-231794.90867857196,1284544.1358291998
ANTIBIOTICO SOLUCIONES INYECTABLE ADULTO,Cliente 3,0,2026-04-01,430117.0691851804,-41508.74798878435,1426838.1161115544
ANTIBIOTICO SOLUCIONES INYECTABLE ADULTO,Cliente 3,0,2026-05-01,233419.56926269946,-647007.3200168066,922278.4132480238
ANTIBIOTICO SOLUCIONES INYECTABLE ADULTO,Cliente 3,0,2026-06-01,276987.42084249115,-531417.3905973634,943470.5458261672
ANTIBIOTICO SOLUCIONES INYECTABLE ADULTO,Cliente 3,0,2026-07-01,432872.22736797034,-232665.6759504049,1273073.679402979
ANTIBIOTICO SOLUCIONES INYECTABLE ADULTO,Cliente 3,0,2026-08-01,314839.65713536885,-523703.64800400607,971628.8731767355
ANTIBIOTICO SOLUCIONES INYECTABLE ADULTO,Cliente 3,0,2026-09-01,402104.287090547,-580410.9528663438,930734.0536139433
ANTIBIOTICO SOLUCIONES INYECTABLE ADULTO,Cliente 5,0,2025-10-01,127639.3289101711,59047.40129242334,322209.75919614674
ANTIBIOTICO SOLUCIONES INYECTABLE ADULTO,Cliente 5,0,2025-11-01,172778.87475518676,122648.09881177639,390377.1406034845
ANTIBIOTICO SOLUCIONES INYECTABLE ADULTO,Cliente 5,0,2025-12-01,147425.5830736784,82593.06149495087,337774.901105601
ANTIBIOTICO SOLUCIONES INYECTABLE ADULTO,Cliente 5,0,2026-01-01,164281.2565621713,95771.4487725013,353471.86267622164
ANTIBIOTICO SOLUCIONES INYECTABLE ADULTO,Cliente 5,0,2026-02-01,182455.67880992498,143144.81580202427,408689.50550241733
ANTIBIOTICO SOLUCIONES INYECTABLE ADULTO,Cliente 5,0,2026-03-01,91726.30566669146,-16643.292452972193,253559.8587775316
ANTIBIOTICO SOLUCIONES INYECTABLE ADULTO,Cliente 5,0,2026-04-01,109235.38746701005,4181.590389829068,266785.10484258446
ANTIBIOTICO SOLUCIONES INYECTABLE ADULTO,Cliente 5,0,2026-05-01,94745.72544005919,-6765.06546308577,262798.89274119405
ANTIBIOTICO SOLUCIONES INYECTABLE ADULTO,Cliente 5,0,2026-06-01,86040.25800474586,22658.3280716938,285203.17521737574
ANTIBIOTICO SOLUCIONES INYECTABLE ADULTO,Cliente 5,0,2026-07-01,130249.5985604627,41334.24917658466,294169.5271612751
ANTIBIOTICO SOLUCIONES INYECTABLE ADULTO,Cliente 5,0,2026-08-01,139301.8768723282,21748.47774703928,279610.1478734253
ANTIBIOTICO SOLUCIONES INYECTABLE ADULTO,Cliente 5,0,2026-09-01,105142.25799296079,-7210.403274607076,263564.7271963766
ANTIBIOTICO SOLUCIONES INYECTABLE ADULTO,Cliente Otros,0,2025-10-01,208331.90602093955,110296.23602335305,470156.3061563312
ANTIBIOTICO SOLUCIONES INYECTABLE ADULTO,Cliente Otros,0,2025-11-01,264246.19044859713,127616.76041075795,476420.5419759926
ANTIBIOTICO SOLUCIONES INYECTABLE ADULTO,Cliente Otros,0,2025-12-01,249459.86271433267,119764.38888821984,460685.35115155816
ANTIBIOTICO SOLUCIONES INYECTABLE ADULTO,Cliente Otros,0,2026-01-01,436081.84564673464,320538.17209616234,668872.7242762134
ANTIBIOTICO SOLUCIONES INYECTABLE ADULTO,Cliente Otros,0,2026-02-01,195374.79169291732,33110.18475501586,357855.81995858136
ANTIBIOTICO SOLUCIONES INYECTABLE ADULTO,Cliente Otros,0,2026-03-01,188283.54728673084,15007.474164381965,376387.31723754614
ANTIBIOTICO SOLUCIONES INYECTABLE ADULTO,Cliente Otros,0,2026-04-01,180455.86689822833,23609.060259326554,373195.8653457778
ANTIBIOTICO SOLUCIONES INYECTABLE ADULTO,Cliente Otros,0,2026-05-01,213882.44090487566,59636.03409800263,425892.26465381245
ANTIBIOTICO SOLUCIONES INYECTABLE ADULTO,Cliente Otros,0,2026-06-01,176475.96376739364,72909.9408973124,406944.3388140271
ANTIBIOTICO SOLUCIONES INYECTABLE ADULTO,Cliente Otros,0,2026-07-01,199100.68890218786,80480.99337955716,446305.1555877646
ANTIBIOTICO SOLUCIONES INYECTABLE ADULTO,Cliente Otros,0,2026-08-01,287799.7040552695,219746.04593723174,565676.9187694269
ANTIBIOTICO SOLUCIONES INYECTABLE ADULTO,Cliente Otros,0,2026-09-01,272904.473733891,117090.96928045504,477582.28768572264
ANTIPIRETICO SOLUCION PEDRIATRICO,Cliente 1,0,2025-10-01,179450.3276781152,154783.4728640982,710891.5792140866
ANTIPIRETICO SOLUCION PEDRIATRICO,Cliente 1,0,2025-11-01,157711.9032430355,130245.73766034108,663137.3631228969
ANTIPIRETICO SOLUCION PEDRIATRICO,Cliente 1,0,2025-12-01,144983.13240981408,61581.02195778545,599259.4715449327
ANTIPIRETICO SOLUCION PEDRIATRICO,Cliente 1,0,2026-01-01,207042.46911297852,72655.19161982104,605646.0766857301
ANTIPIRETICO SOLUCION PEDRIATRICO,Cliente 1,0,2026-02-01,213982.37987943934,103651.69923246226,654815.248137826
ANTIPIRETICO SOLUCION PEDRIATRICO,Cliente 1,0,2026-03-01,170291.22445063363,23206.42855978421,568868.8531736679
ANTIPIRETICO SOLUCION PEDRIATRICO,Cliente 1,0,2026-04-01,200858.47856932195,85558.85251286623,613116.9990982524
ANTIPIRETICO SOLUCION PEDRIATRICO,Cliente 1,0,2026-05-01,184753.3413308238,30739.69767910108,566358.6393949604
ANTIPIRETICO SOLUCION PEDRIATRICO,Cliente 1,0,2026-06-01,201489.9626305243,29832.756545849337,591347.3275815028
ANTIPIRETICO SOLUCION PEDRIATRICO,Cliente 1,0,2026-07-01,187647.86435243077,45171.06485293984,568883.8278820377
ANTIPIRETICO SOLUCION PEDRIATRICO,Cliente 1,0,2026-08-01,174436.17706190972,-26225.52630141737,534372.4253436808
ANTIPIRETICO SOLUCION PEDRIATRICO,Cliente 1,0,2026-09-01,178728.754455167,35735.04769550916,588194.2663182876
ANTIPIRETICO SOLUCION PEDRIATRICO,Cliente 2,0,2025-10-01,60316.09947208306,-79452.71247208604,206515.95178693775
ANTIPIRETICO SOLUCION PEDRIATRICO,Cliente 2,0,2025-11-01,99371.27079683116,49187.54125914212,332813.45374962996
ANTIPIRETICO SOLUCION PEDRIATRICO,Cliente 2,0,2025-12-01,55758.781491268055,-99105.60866567664,192628.1648064069
ANTIPIRETICO SOLUCION PEDRIATRICO,Cliente 2,0,2026-01-01,73629.5379639155,-88362.40672561125,192804.28668078216
ANTIPIRETICO SOLUCION PEDRIATRICO,Cliente 2,0,2026-02-01,51262.74502067334,-80226.66999739745,198777.9624846745
ANTIPIRETICO SOLUCION PEDRIATRICO,Cliente 2,0,2026-03-01,85687.21145172486,28031.768109548473,311149.66366890847
ANTIPIRETICO SOLUCION PEDRIATRICO,Cliente 2,0,2026-04-01,70047.91767239959,-67590.84113981274,214116.1659171316
ANTIPIRETICO SOLUCION PEDRIATRICO,Cliente 2,0,2026-05-01,38577.90517933577,-135597.44176342658,148600.38025416038
ANTIPIRETICO SOLUCION PEDRIATRICO,Cliente 2,0,2026-06-01,65812.91543509299,-38906.807897424165,239007.8414085522
ANTIPIRETICO SOLUCION PEDRIATRICO,Cliente 2,0,2026-07-01,42245.858427902676,-114222.80880967688,170261.77079579982
ANTIPIRETICO SOLUCION PEDRIATRICO,Cliente 2,0,2026-08-01,64998.639706166934,-89954.54728689975,185979.49327832522
ANTIPIRETICO SOLUCION PEDRIATRICO,Cliente 2,0,2026-09-01,82760.13743830463,-16919.03568426655,277488.22933541104
ANTIPIRETICO SOLUCION PEDRIATRICO,Cliente 3,0,2025-10-01,139474.24747985633,-32420.277880693702,398893.01065380004
ANTIPIRETICO SOLUCION PEDRIATRICO,Cliente 3,0,2025-11-01,248588.52618009815,60001.61969215896,499772.4242983275
ANTIPIRETICO SOLUCION PEDRIATRICO,Cliente 3,0,2025-12-01,122306.60801461145,20244.395768495204,472650.59895725286
ANTIPIRETICO SOLUCION PEDRIATRICO,Cliente 3,0,2026-01-01,106303.39097285802,848.8604693126268,420997.2741930402
ANTIPIRETICO SOLUCION PEDRIATRICO,Cliente 3,0,2026-02-01,100144.46066607618,-122815.1672271535,307691.73742290406
ANTIPIRETICO SOLUCION PEDRIATRICO,Cliente 3,0,2026-03-01,105812.52247140482,-90101.29421582415,341744.3019213259
ANTIPIRETICO SOLUCION PEDRIATRICO,Cliente 3,0,2026-04-01,97322.48163237813,-105236.73833455176,332945.4965786096
ANTIPIRETICO SOLUCION PEDRIATRICO,Cliente 3,0,2026-05-01,98407.57371140142,-210877.7281634716,231680.0722875864
ANTIPIRETICO SOLUCION PEDRIATRICO,Cliente 3,0,2026-06-01,144514.5407186301,44988.11908774463,463197.1620456204
ANTIPIRETICO SOLUCION PEDRIATRICO,Cliente 3,0,2026-07-01,160027.6054289904,-104587.11276556028,314928.51247748884
ANTIPIRETICO SOLUCION PEDRIATRICO,Cliente 3,0,2026-08-01,151351.2450099764,-131495.8987670821,304858.8400803434
ANTIPIRETICO SOLUCION PEDRIATRICO,Cliente 3,0,2026-09-01,134872.86995911022,-62787.05130633971,370903.89320346445
ANTIPIRETICO SOLUCION PEDRIATRICO,Cliente 5,0,2025-10-01,22486.083052352813,-6663.0470334364845,70724.8175315813
ANTIPIRETICO SOLUCION PEDRIATRICO,Cliente 5,0,2025-11-01,41196.54770752005,23365.834082255275,97511.24592989626
ANTIPIRETICO SOLUCION PEDRIATRICO,Cliente 5,0,2025-12-01,32999.90561952345,2466.906286686763,83013.11179874434
ANTIPIRETICO SOLUCION PEDRIATRICO,Cliente 5,0,2026-01-01,8684.737171561732,-21759.79003723374,54001.084761845705
ANTIPIRETICO SOLUCION PEDRIATRICO,Cliente 5,0,2026-02-01,6366.052601509673,-29639.999770749953,48240.91070672698
ANTIPIRETICO SOLUCION PEDRIATRICO,Cliente 5,0,2026-03-01,11222.749845971033,-10128.45316284218,66604.08580357123
ANTIPIRETICO SOLUCION PEDRIATRICO,Cliente 5,0,2026-04-01,5545.041995287112,-36694.827008903776,42804.42639535966
ANTIPIRETICO SOLUCION PEDRIATRICO,Cliente 5,0,2026-05-01,6720.14072346625,-31424.298704565375,50009.4338300067
ANTIPIRETICO SOLUCION PEDRIATRICO,Cliente 5,0,2026-06-01,9356.59503684037,-31191.306845859646,47625.46878439501
ANTIPIRETICO SOLUCION PEDRIATRICO,Cliente 5,0,2026-07-01,13854.986553569588,-11110.353402829202,68160.16007246441
ANTIPIRETICO SOLUCION PEDRIATRICO,Cliente 5,0,2026-08-01,11354.379652687274,-13730.519226697708,65363.76795161591
ANTIPIRETICO SOLUCION PEDRIATRICO,Cliente 5,0,2026-09-01,11547.098992780904,-28153.763055835774,49308.20192392765
ANTIPIRETICO SOLUCION PEDRIATRICO,Cliente Otros,0,2025-10-01,94284.95851932613,16349.080500847947,201551.07442661814
ANTIPIRETICO SOLUCION PEDRIATRICO,Cliente Otros,0,2025-11-01,140104.6239038213,48372.48168271778,231131.4910495588
ANTIPIRETICO SOLUCION PEDRIATRICO,Cliente Otros,0,2025-12-01,71343.22802847378,-30118.01738892247,158596.35189927035
ANTIPIRETICO SOLUCION PEDRIATRICO,Cliente Otros,0,2026-01-01,109052.15103916351,47050.78479516541,228642.86524671703
ANTIPIRETICO SOLUCION PEDRIATRICO,Cliente Otros,0,2026-02-01,59722.22220502715,-39357.23543119315,148980.61589979872
ANTIPIRETICO SOLUCION PEDRIATRICO,Cliente Otros,0,2026-03-01,57895.284761238894,-35994.88263080783,145955.53604855257
ANTIPIRETICO SOLUCION PEDRIATRICO,Cliente Otros,0,2026-04-01,82217.83155629976,-7911.475488266566,175965.58848802393
ANTIPIRETICO SOLUCION PEDRIATRICO,Cliente Otros,0,2026-05-01,99350.67690164025,-4369.285101576689,178137.94083743563
ANTIPIRETICO SOLUCION PEDRIATRICO,Cliente Otros,0,2026-06-01,63924.38192777437,-38190.631258757916,146455.40094666218
ANTIPIRETICO SOLUCION PEDRIATRICO,Cliente Otros,0,2026-07-01,86333.45410727322,12915.399461156756,189617.06511275386
ANTIPIRETICO SOLUCION PEDRIATRICO,Cliente Otros,0,2026-08-01,48321.00784239443,-50011.42418222137,130599.11155788822
ANTIPIRETICO SOLUCION PEDRIATRICO,Cliente Otros,0,2026-09-01,70922.17399498765,-34716.24072935243,155652.99923671916
ANTIPIRETICO SUSPENSION INFANTIL,Cliente 1,1,2025-10-01,606161.1958405295,451310.51955718186,1733000.2470688499
ANTIPIRETICO SUSPENSION INFANTIL,Cliente 1,1,2025-11-01,577199.0214071409,343025.0221338793,1744656.8176162932
ANTIPIRETICO SUSPENSION INFANTIL,Cliente 1,1,2025-12-01,554631.138211552,280709.3326779147,1590178.55901622
ANTIPIRETICO SUSPENSION INFANTIL,Cliente 1,1,2026-01-01,837586.657545511,443739.9229037661,1707265.7752777024
ANTIPIRETICO SUSPENSION INFANTIL,Cliente 1,1,2026-02-01,622767.3533712454,363822.2610139015,1662211.7779841237
ANTIPIRETICO SUSPENSION INFANTIL,Cliente 1,1,2026-03-01,670234.5303461418,408782.04443615436,1728270.9573743078
ANTIPIRETICO SUSPENSION INFANTIL,Cliente 1,1,2026-04-01,646171.6927981129,368979.8704393154,1596879.6352411932
ANTIPIRETICO SUSPENSION INFANTIL,Cliente 1,1,2026-05-01,620662.0811205204,356836.4325198722,1642827.2062793795
ANTIPIRETICO SUSPENSION INFANTIL,Cliente 1,1,2026-06-01,592066.6669796985,278901.48240090976,1543561.0099774848
ANTIPIRETICO SUSPENSION INFANTIL,Cliente 1,1,2026-07-01,597962.9113355962,212863.06009070372,1498174.3561651537
ANTIPIRETICO SUSPENSION INFANTIL,Cliente 1,1,2026-08-01,595620.8147454251,153021.65593693889,1471644.5098133606
ANTIPIRETICO SUSPENSION INFANTIL,Cliente 1,1,2026-09-01,620275.0870079874,251086.16868081508,1562538.520731513
ANTIPIRETICO SUSPENSION INFANTIL,Cliente 2,0,2025-10-01,499361.73840397707,393228.56111423526,1126294.8753555147
ANTIPIRETICO SUSPENSION INFANTIL,Cliente 2,0,2025-11-01,312524.7926600485,349.3805316736526,789039.9991033516
ANTIPIRETICO SUSPENSION INFANTIL,Cliente 2,0,2025-12-01,189727.41198553154,-158039.50968253665,560754.40726606
ANTIPIRETICO SUSPENSION INFANTIL,Cliente 2,0,2026-01-01,272329.09630723443,-33213.49398492647,686396.4190451463
ANTIPIRETICO SUSPENSION INFANTIL,Cliente 2,0,2026-02-01,198862.80934852664,-76305.581631369,666730.426223171
ANTIPIRETICO SUSPENSION INFANTIL,Cliente 2,0,2026-03-01,346520.740829054,51238.33875156297,826183.8370362871
ANTIPIRETICO SUSPENSION INFANTIL,Cliente 2,0,2026-04-01,90962.27181038137,-264563.3044811596,487642.4631543682
ANTIPIRETICO SUSPENSION INFANTIL,Cliente 2,0,2026-05-01,53407.383768392865,-312060.23039977945,429005.91501577775
ANTIPIRETICO SUSPENSION INFANTIL,Cliente 2,0,2026-06-01,124881.47038315349,-179141.61383012816,581985.8221635814
ANTIPIRETICO SUSPENSION INFANTIL,Cliente 2,0,2026-07-01,160860.69538390267,-157160.62913730604,596568.1628803337
ANTIPIRETICO SUSPENSION INFANTIL,Cliente 2,0,2026-08-01,95170.31383123664,-251952.26017961546,489813.93842567573
ANTIPIRETICO SUSPENSION INFANTIL,Cliente 2,0,2026-09-01,252962.21264273513,-79415.11140686167,659706.2402007676
ANTIPIRETICO SUSPENSION INFANTIL,Cliente 3,0,2025-10-01,401278.8674441247,-425324.3519601095,1742409.0144019776
ANTIPIRETICO SUSPENSION INFANTIL,Cliente 3,0,2025-11-01,1007850.7967306158,563699.7021394771,2613866.833037852
ANTIPIRETICO SUSPENSION INFANTIL,Cliente 3,0,2025-12-01,509852.1192965067,-288766.7204842239,1769352.8330337035
ANTIPIRETICO SUSPENSION INFANTIL,Cliente 3,0,2026-01-01,603735.3076880736,-78449.9483958759,2113610.1829903675
ANTIPIRETICO SUSPENSION INFANTIL,Cliente 3,0,2026-02-01,366248.6895852948,-296981.86995850556,1810949.358459286
ANTIPIRETICO SUSPENSION INFANTIL,Cliente 3,0,2026-03-01,239224.06217342152,-707405.2926227535,1413494.7829497869
ANTIPIRETICO SUSPENSION INFANTIL,Cliente 3,0,2026-04-01,691069.4864819444,234088.213664235,2309732.7022096803
ANTIPIRETICO SUSPENSION INFANTIL,Cliente 3,0,2026-05-01,145131.9355806039,-872135.9617022815,1218967.5247316447
ANTIPIRETICO SUSPENSION INFANTIL,Cliente 3,0,2026-06-01,389998.9431659761,-232396.85264127114,1810572.0422546028
ANTIPIRETICO SUSPENSION INFANTIL,Cliente 3,0,2026-07-01,616744.4917263254,20418.302866739064,2174053.065983341
ANTIPIRETICO SUSPENSION INFANTIL,Cliente 3,0,2026-08-01,246592.6437224832,-694439.2773708113,1326111.7106982034
ANTIPIRETICO SUSPENSION INFANTIL,Cliente 3,0,2026-09-01,371395.4156578555,-331609.5678238602,1661586.452052167
ANTIPIRETICO SUSPENSION INFANTIL,Cliente 5,0,2025-10-01,150695.23360057906,52903.405348799635,342702.379540345
ANTIPIRETICO SUSPENSION INFANTIL,Cliente 5,0,2025-11-01,180604.88596058168,69233.75904408062,353687.09401709057
ANTIPIRETICO SUSPENSION INFANTIL,Cliente 5,0,2025-12-01,310197.00882656727,227842.73264266195,520370.3166032829
ANTIPIRETICO SUSPENSION INFANTIL,Cliente 5,0,2026-01-01,101542.0146323617,24678.186105107776,309598.7877915088
ANTIPIRETICO SUSPENSION INFANTIL,Cliente 5,0,2026-02-01,101722.08124121492,8223.336156913912,272138.1592303689
ANTIPIRETICO SUSPENSION INFANTIL,Cliente 5,0,2026-03-01,119866.15182904828,32095.425898017937,303648.59980208764
ANTIPIRETICO SUSPENSION INFANTIL,Cliente 5,0,2026-04-01,69433.75985513697,-86220.4046163895,204520.8297962183
ANTIPIRETICO SUSPENSION INFANTIL,Cliente 5,0,2026-05-01,56542.13382649561,-72033.93148775853,215822.08705402262
ANTIPIRETICO SUSPENSION INFANTIL,Cliente 5,0,2026-06-01,77181.97867140103,-40913.55774900379,237685.15427068254
ANTIPIRETICO SUSPENSION INFANTIL,Cliente 5,0,2026-07-01,65755.44410695952,-87753.99189652994,203040.90764432
ANTIPIRETICO SUSPENSION INFANTIL,Cliente 5,0,2026-08-01,77847.6018486171,-10806.577866240437,273468.8281902869
ANTIPIRETICO SUSPENSION INFANTIL,Cliente 5,0,2026-09-01,114865.69886233054,2480.4999662806918,279734.1264147418
ANTIPIRETICO SUSPENSION INFANTIL,Cliente Otros,0,2025-10-01,504356.7876137171,333904.8968413952,948217.784858672
ANTIPIRETICO SUSPENSION INFANTIL,Cliente Otros,0,2025-11-01,446793.38618766237,244254.46576588374,845371.31171146
ANTIPIRETICO SUSPENSION INFANTIL,Cliente Otros,0,2025-12-01,380886.83091313,128335.92756832758,756995.2052954839
ANTIPIRETICO SUSPENSION INFANTIL,Cliente Otros,0,2026-01-01,424572.85926432564,191480.59269030637,792652.1285336557
ANTIPIRETICO SUSPENSION INFANTIL,Cliente Otros,0,2026-02-01,431453.24946306256,317139.48246655415,894386.2447856825
ANTIPIRETICO SUSPENSION INFANTIL,Cliente Otros,0,2026-03-01,293000.3474976634,38873.49331169017,645401.9320252446
ANTIPIRETICO SUSPENSION INFANTIL,Cliente Otros,0,2026-04-01,273952.38950094173,65652.11383962963,668629.047992182
ANTIPIRETICO SUSPENSION INFANTIL,Cliente Otros,0,2026-05-01,221782.08146447936,-25249.897230432114,615798.885599466
ANTIPIRETICO SUSPENSION INFANTIL,Cliente Otros,0,2026-06-01,229335.05835178858,-62294.7623660528,546580.1208648869
ANTIPIRETICO SUSPENSION INFANTIL,Cliente Otros,0,2026-07-01,253000.77707224697,26756.877838187327,627513.0079769663
ANTIPIRETICO SUSPENSION INFANTIL,Cliente Otros,0,2026-08-01,199599.8878606316,-32734.62831331118,578606.26156181
ANTIPIRETICO SUSPENSION INFANTIL,Cliente Otros,0,2026-09-01,279529.44364012906,-2716.073701210421,596003.4067464821
ANTIREUMATOIDE TABLETAS,Cliente 1,0,2025-10-01,215493.58697332093,127996.9131780263,351719.5473911545
ANTIREUMATOIDE TABLETAS,Cliente 1,0,2025-11-01,248114.68963716153,151768.27966645206,372777.7752566501
ANTIREUMATOIDE TABLETAS,Cliente 1,0,2025-12-01,184904.78026304205,90252.36095979925,318668.4274222134
ANTIREUMATOIDE TABLETAS,Cliente 1,0,2026-01-01,182113.61414374193,63149.6522611847,286384.70961222803
ANTIREUMATOIDE TABLETAS,Cliente 1,0,2026-02-01,184431.91648800462,141265.339181296,357005.88619014027
ANTIREUMATOIDE TABLETAS,Cliente 1,0,2026-03-01,169851.75559624587,73648.41661844059,304709.8070856551
ANTIREUMATOIDE TABLETAS,Cliente 1,0,2026-04-01,174688.17245658618,82734.3680125953,318284.3189088677
ANTIREUMATOIDE TABLETAS,Cliente 1,0,2026-05-01,238248.4771519793,161930.13146783455,384088.05316628737
ANTIREUMATOIDE TABLETAS,Cliente 1,0,2026-06-01,175412.16322593464,82136.35859411811,311072.881057305
ANTIREUMATOIDE TABLETAS,Cliente 1,0,2026-07-01,143802.24842040022,24644.199508806007,242068.3948558764
ANTIREUMATOIDE TABLETAS,Cliente 1,0,2026-08-01,185606.85031508026,67395.50850109912,289169.62743766414
ANTIREUMATOIDE TABLETAS,Cliente 1,0,2026-09-01,170104.36011568122,70428.75203349013,294690.11990046833
ANTIREUMATOIDE TABLETAS,Cliente 2,0,2025-10-01,135187.8904192111,62082.81456019514,306401.67938693357
ANTIREUMATOIDE TABLETAS,Cliente 2,0,2025-11-01,188222.60507911537,47649.37059013865,291491.40127274866
ANTIREUMATOIDE TABLETAS,Cliente 2,0,2025-12-01,245055.80959092945,125494.25025507646,377450.6270638991
ANTIREUMATOIDE TABLETAS,Cliente 2,0,2026-01-01,148348.62807372524,31278.164688282322,285674.8921390464
ANTIREUMATOIDE TABLETAS,Cliente 2,0,2026-02-01,140498.94862056454,15364.37267341252,261745.8597715272
ANTIREUMATOIDE TABLETAS,Cliente 2,0,2026-03-01,219879.82905599414,84707.46956578425,323428.7014183628
ANTIREUMATOIDE TABLETAS,Cliente 2,0,2026-04-01,186709.99569000327,92178.16644425283,329142.6889608368
ANTIREUMATOIDE TABLETAS,Cliente 2,0,2026-05-01,203117.855203885,112081.3148737838,357041.41029605764
ANTIREUMATOIDE TABLETAS,Cliente 2,0,2026-06-01,168785.59760693947,29791.478028934693,270847.97892628517
ANTIREUMATOIDE TABLETAS,Cliente 2,0,2026-07-01,118158.08419813057,-5594.097376826078,241311.33876618737
ANTIREUMATOIDE TABLETAS,Cliente 2,0,2026-08-01,145701.6206815451,58590.07412188529,303259.62136745406
ANTIREUMATOIDE TABLETAS,Cliente 2,0,2026-09-01,133388.31298670956,18864.204441690013,270122.6663092297
ANTIREUMATOIDE TABLETAS,Cliente 3,0,2025-10-01,149483.67356319606,57182.851459370926,305459.59671210847
ANTIREUMATOIDE TABLETAS,Cliente 3,0,2025-11-01,76962.8028177868,-45241.29316366355,194218.38850733402
ANTIREUMATOIDE TABLETAS,Cliente 3,0,2025-12-01,120066.88790269273,99248.55257882416,351318.46037753014
ANTIREUMATOIDE TABLETAS,Cliente 3,0,2026-01-01,102211.7659657229,-12946.497622892337,239492.9546524209
ANTIREUMATOIDE TABLETAS,Cliente 3,0,2026-02-01,85127.46145839339,-35749.727033703646,208640.88598227093
ANTIREUMATOIDE TABLETAS,Cliente 3,0,2026-03-01,83981.07710447679,-54651.78317990421,193141.32812687667
ANTIREUMATOIDE TABLETAS,Cliente 3,0,2026-04-01,120094.35651807168,-43857.74246254582,216212.44332497954
ANTIREUMATOIDE TABLETAS,Cliente 3,0,2026-05-01,78917.91997006835,-45143.345955586694,210705.2712173021
ANTIREUMATOIDE TABLETAS,Cliente 3,0,2026-06-01,141261.36962673676,54580.841787086814,301870.9104594586
ANTIREUMATOIDE TABLETAS,Cliente 3,0,2026-07-01,102784.01652861109,-55118.23379515585,198133.76028444048
ANTIREUMATOIDE TABLETAS,Cliente 3,0,2026-08-01,92778.16725629939,-49643.96486635297,191331.9747618544
ANTIREUMATOIDE TABLETAS,Cliente 3,0,2026-09-01,92120.66706840211,-1764.1171565606287,237794.62414543825
ANTIREUMATOIDE TABLETAS,Cliente 5,0,2025-10-01,26251.42448036779,-63664.168434361054,76477.12925896159
ANTIREUMATOIDE TABLETAS,Cliente 5,0,2025-11-01,23262.799219658973,-61511.78427705141,78521.35886241263
ANTIREUMATOIDE TABLETAS,Cliente 5,0,2025-12-01,55088.53790574396,4372.111332634323,144739.11288798807
ANTIREUMATOIDE TABLETAS,Cliente 5,0,2026-01-01,20019.17125465734,-71763.338250209,67975.09071139281
ANTIREUMATOIDE TABLETAS,Cliente 5,0,2026-02-01,27804.186664071767,-64557.966512856874,76507.20624155138
ANTIREUMATOIDE TABLETAS,Cliente 5,0,2026-03-01,26087.45262030987,-79790.0654510834,61203.75995432131
ANTIREUMATOIDE TABLETAS,Cliente 5,0,2026-04-01,5626.481955804594,-97559.24803373776,38453.5217534352
ANTIREUMATOIDE TABLETAS,Cliente 5,0,2026-05-01,45502.565616846994,-9728.669050998269,131383.30099485634
ANTIREUMATOIDE TABLETAS,Cliente 5,0,2026-06-01,48799.03803685229,7223.13465209154,151681.5241288312
ANTIREUMATOIDE TABLETAS,Cliente 5,0,2026-07-01,7601.154526440674,-90179.13671881365,49720.39026116572
ANTIREUMATOIDE TABLETAS,Cliente 5,0,2026-08-01,6827.920259646671,-92123.05545203766,43302.91333282064
ANTIREUMATOIDE TABLETAS,Cliente 5,0,2026-09-01,18281.932788153234,-73325.45801283255,64876.28919426722
ANTIREUMATOIDE TABLETAS,Cliente Otros,0,2025-10-01,99859.24113268989,-59387.85458924873,166707.44348537497
ANTIREUMATOIDE TABLETAS,Cliente Otros,0,2025-11-01,115450.92567543178,-33494.24612836883,196291.23525699222
ANTIREUMATOIDE TABLETAS,Cliente Otros,0,2025-12-01,89001.97172472086,-34657.144085380445,196277.30839568385
ANTIREUMATOIDE TABLETAS,Cliente Otros,0,2026-01-01,173759.5901150938,32719.32915135374,248284.38830412895
ANTIREUMATOIDE TABLETAS,Cliente Otros,0,2026-02-01,166397.83373494743,7298.622250964487,236271.73461724678
ANTIREUMATOIDE TABLETAS,Cliente Otros,0,2026-03-01,127819.44668879871,-46403.43174909324,174453.3705044238
ANTIREUMATOIDE TABLETAS,Cliente Otros,0,2026-04-01,130753.13478779756,-65843.42135900415,166500.7327875008
ANTIREUMATOIDE TABLETAS,Cliente Otros,0,2026-05-01,130529.30072547427,-43733.17087432233,171946.23101156668
ANTIREUMATOIDE TABLETAS,Cliente Otros,0,2026-06-01,150734.3528133599,-43842.735414264236,182953.13474419338
ANTIREUMATOIDE TABLETAS,Cliente Otros,0,2026-07-01,137195.9022677898,-58104.09374843781,167704.76847564313
ANTIREUMATOIDE TABLETAS,Cliente Otros,0,2026-08-01,149338.06200564405,-77869.25759283315,144330.13424341616
ANTIREUMATOIDE TABLETAS,Cliente Otros,0,2026-09-01,124438.12993755292,-76272.46123612285,149006.3841038855
DESCONGESTIONANTE SOLUCION NASAL ADULTO,Cliente 1,0,2025-10-01,186798.18602479823,120988.48700761894,470301.9085143232
DESCONGESTIONANTE SOLUCION NASAL ADULTO,Cliente 1,0,2025-11-01,207274.61238059695,182111.8364446813,516292.85671462386
DESCONGESTIONANTE SOLUCION NASAL ADULTO,Cliente 1,0,2025-12-01,199263.82739345587,175643.14395606692,517158.0162269501
DESCONGESTIONANTE SOLUCION NASAL ADULTO,Cliente 1,0,2026-01-01,275983.9502351567,185174.46518954216,514771.05150978116
DESCONGESTIONANTE SOLUCION NASAL ADULTO,Cliente 1,0,2026-02-01,251654.73557948065,192836.51483676987,517735.9549022116
DESCONGESTIONANTE SOLUCION NASAL ADULTO,Cliente 1,0,2026-03-01,253369.1204591915,211343.42112009175,548072.5022516717
DESCONGESTIONANTE SOLUCION NASAL ADULTO,Cliente 1,0,2026-04-01,255136.08504206562,218648.4336105835,568923.3942519921
DESCONGESTIONANTE SOLUCION NASAL ADULTO,Cliente 1,0,2026-05-01,280189.2575912355,155257.17446011986,491387.1735003983
DESCONGESTIONANTE SOLUCION NASAL ADULTO,Cliente 1,0,2026-06-01,228576.66995447388,137399.0358162703,476153.27713958663
DESCONGESTIONANTE SOLUCION NASAL ADULTO,Cliente 1,0,2026-07-01,209268.25199464345,149783.49941243872,474213.46154035133
DESCONGESTIONANTE SOLUCION NASAL ADULTO,Cliente 1,0,2026-08-01,210809.53726820197,138215.811862922,459327.07845422975
DESCONGESTIONANTE SOLUCION NASAL ADULTO,Cliente 1,0,2026-09-01,240230.2796821786,119460.40459437181,457488.9853707699
DESCONGESTIONANTE SOLUCION NASAL ADULTO,Cliente 2,0,2025-10-01,112278.08902702742,67390.37072936477,280076.71118565305
DESCONGESTIONANTE SOLUCION NASAL ADULTO,Cliente 2,0,2025-11-01,86428.11573892472,1910.6190342164214,224370.52956368006
DESCONGESTIONANTE SOLUCION NASAL ADULTO,Cliente 2,0,2025-12-01,123278.03887242237,67564.49888368488,280557.54251566634
DESCONGESTIONANTE SOLUCION NASAL ADULTO,Cliente 2,0,2026-01-01,207918.77921277215,131379.3627196199,344602.35006405675
DESCONGESTIONANTE SOLUCION NASAL ADULTO,Cliente 2,0,2026-02-01,56245.22046956911,-21626.048016845096,192033.56628114672
DESCONGESTIONANTE SOLUCION NASAL ADULTO,Cliente 2,0,2026-03-01,166901.30921402675,119975.41645007319,333816.70261454355
DESCONGESTIONANTE SOLUCION NASAL ADULTO,Cliente 2,0,2026-04-01,156037.39827575642,127806.8749756608,333912.82775008655
DESCONGESTIONANTE SOLUCION NASAL ADULTO,Cliente 2,0,2026-05-01,68578.38405611864,624.4269699548631,214480.90099158406
DESCONGESTIONANTE SOLUCION NASAL ADULTO,Cliente 2,0,2026-06-01,69169.3250537743,-859.325980515915,211922.16402259722
DESCONGESTIONANTE SOLUCION NASAL ADULTO,Cliente 2,0,2026-07-01,56871.36293512385,5178.608509916759,218087.40636012453
DESCONGESTIONANTE SOLUCION NASAL ADULTO,Cliente 2,0,2026-08-01,57209.537412377154,-2653.996242005182,213117.40157374938
DESCONGESTIONANTE SOLUCION NASAL ADULTO,Cliente 2,0,2026-09-01,106616.08042462589,26366.51698964818,247065.16520626814
DESCONGESTIONANTE SOLUCION NASAL ADULTO,Cliente 3,0,2025-10-01,131188.52533638323,20641.44748404972,371476.0761389607
DESCONGESTIONANTE SOLUCION NASAL ADULTO,Cliente 3,0,2025-11-01,95513.03607076348,-27488.587287719096,328386.4912284786
DESCONGESTIONANTE SOLUCION NASAL ADULTO,Cliente 3,0,2025-12-01,96506.92490207072,-7880.609711795899,342986.5344851817
DESCONGESTIONANTE SOLUCION NASAL ADULTO,Cliente 3,0,2026-01-01,159957.34473870657,122101.27416470848,471742.6510222998
DESCONGESTIONANTE SOLUCION NASAL ADULTO,Cliente 3,0,2026-02-01,102239.29103872106,-57860.006682356216,303815.1664416544
DESCONGESTIONANTE SOLUCION NASAL ADULTO,Cliente 3,0,2026-03-01,178771.14101121912,57084.620884010175,423123.950517987
DESCONGESTIONANTE SOLUCION NASAL ADULTO,Cliente 3,0,2026-04-01,155144.23118510077,137381.57591456213,472295.2213900439
DESCONGESTIONANTE SOLUCION NASAL ADULTO,Cliente 3,0,2026-05-01,54436.75591339503,-124751.23357351158,237330.24667844246
DESCONGESTIONANTE SOLUCION NASAL ADULTO,Cliente 3,0,2026-06-01,95580.09290060897,-40223.877200751,319635.9956995168
DESCONGESTIONANTE SOLUCION NASAL ADULTO,Cliente 3,0,2026-07-01,109351.50096116452,886.3959337490819,337209.06723968434
DESCONGESTIONANTE SOLUCION NASAL ADULTO,Cliente 3,0,2026-08-01,64136.06209331864,-83635.45750757308,264339.40668759536
DESCONGESTIONANTE SOLUCION NASAL ADULTO,Cliente 3,0,2026-09-01,109489.99379624962,-3341.190910972799,344527.58233374153
DESCONGESTIONANTE SOLUCION NASAL ADULTO,Cliente 5,0,2025-10-01,51500.899309819426,25756.992850060746,127815.44475616919
DESCONGESTIONANTE SOLUCION NASAL ADULTO,Cliente 5,0,2025-11-01,97719.65234405221,65416.02569348022,172265.23106761638
DESCONGESTIONANTE SOLUCION NASAL ADULTO,Cliente 5,0,2025-12-01,62356.51669565507,18015.582663885678,121912.34338022124
DESCONGESTIONANTE SOLUCION NASAL ADULTO,Cliente 5,0,2026-01-01,102905.68051373691,51605.77588500161,163254.8774272196
DESCONGESTIONANTE SOLUCION NASAL ADULTO,Cliente 5,0,2026-02-01,76118.60493436966,31126.9856361191,141747.79165900848
DESCONGESTIONANTE SOLUCION NASAL ADULTO,Cliente 5,0,2026-03-01,76642.41362642233,21435.870317815912,132310.92089738863
DESCONGESTIONANTE SOLUCION NASAL ADULTO,Cliente 5,0,2026-04-01,56550.65327245055,20965.654183595037,124133.90172008397
DESCONGESTIONANTE SOLUCION NASAL ADULTO,Cliente 5,0,2026-05-01,73978.13897161858,28587.507965084886,141141.65163816008
DESCONGESTIONANTE SOLUCION NASAL ADULTO,Cliente 5,0,2026-06-01,33305.56441353191,-8234.540582880558,98919.63256710749
DESCONGESTIONANTE SOLUCION NASAL ADULTO,Cliente 5,0,2026-07-01,46343.481713935245,14249.901515440055,124801.22704683167
DESCONGESTIONANTE SOLUCION NASAL ADULTO,Cliente 5,0,2026-08-01,63385.26292585701,32658.273789252667,141268.54350115467
DESCONGESTIONANTE SOLUCION NASAL ADULTO,Cliente 5,0,2026-09-01,62150.20152181285,18608.533554006026,125927.95057974634
DESCONGESTIONANTE SOLUCION NASAL ADULTO,Cliente Otros,0,2025-10-01,104497.47672281034,43790.79633676369,160665.0194287651
DESCONGESTIONANTE SOLUCION NASAL ADULTO,Cliente Otros,0,2025-11-01,123009.82174732776,74331.4367882603,185901.01344703414
DESCONGESTIONANTE SOLUCION NASAL ADULTO,Cliente Otros,0,2025-12-01,95542.63276587555,36172.95981119938,152116.39542088314
DESCONGESTIONANTE SOLUCION NASAL ADULTO,Cliente Otros,0,2026-01-01,147348.46383040943,126982.9300281692,247543.12009444463
DESCONGESTIONANTE SOLUCION NASAL ADULTO,Cliente Otros,0,2026-02-01,107400.3681829486,67252.00789621336,193754.27834336206
DESCONGESTIONANTE SOLUCION NASAL ADULTO,Cliente Otros,0,2026-03-01,90078.98106355732,51102.02075870871,174341.42615655484
DESCONGESTIONANTE SOLUCION NASAL ADULTO,Cliente Otros,0,2026-04-01,109782.69136501609,59999.347539715454,180823.75181320275
DESCONGESTIONANTE SOLUCION NASAL ADULTO,Cliente Otros,0,2026-05-01,80997.22145743131,37216.51496984518,154215.9132605521
DESCONGESTIONANTE SOLUCION NASAL ADULTO,Cliente Otros,0,2026-06-01,94272.56044223695,54783.92569603396,171275.3651557364
DESCONGESTIONANTE SOLUCION NASAL ADULTO,Cliente Otros,0,2026-07-01,52685.747457160855,7992.745748341811,122275.96247083119
DESCONGESTIONANTE SOLUCION NASAL ADULTO,Cliente Otros,0,2026-08-01,69812.77156576213,33027.241262485324,150723.1009854553
DESCONGESTIONANTE SOLUCION NASAL ADULTO,Cliente Otros,0,2026-09-01,90521.2871700041,38167.72223473074,160557.27415074303
