Producto_Descripcion,Cliente_Descripcion,Cluster,Fecha_Pronostico,Pronostico_Ensemble_PedidoPiezas,Pronostico_Min,Pronostico_Max
ANALGESICO + ANTIPERETICO TABLETAS 1,Cliente 1,0,2025-10-01,380679.85734176537,161320.25359774756,655864.4618676532
ANALGESICO + ANTIPERETICO TABLETAS 1,Cliente 1,0,2025-11-01,361188.1137929186,128673.7152745106,619834.2752202047
ANALGESICO + ANTIPERETICO TABLETAS 1,Cliente 1,0,2025-12-01,334739.02442944335,67821.78733576198,566177.4707976868
ANALGESICO + ANTIPERETICO TABLETAS 1,Cliente 1,0,2026-01-01,407930.660902753,150910.13211778193,649825.5802065558
ANALGESICO + ANTIPERETICO TABLETAS 1,Cliente 1,0,2026-02-01,371743.13003686274,212297.85446734863,695993.7641328385
ANALGESICO + ANTIPERETICO TABLETAS 1,Cliente 1,0,2026-03-01,381933.2110697447,94796.76415424759,597156.7462720767
ANALGESICO + ANTIPERETICO TABLETAS 1,Cliente 1,0,2026-04-01,373259.8049089001,76353.4089459261,549068.9380174723
ANALGESICO + ANTIPERETICO TABLETAS 1,Cliente 1,0,2026-05-01,422926.05187859666,75489.07468260614,590818.8829865082
ANALGESICO + ANTIPERETICO TABLETAS 1,Cliente 1,0,2026-06-01,384538.26224345894,78736.08960649997,577408.1778846342
ANALGESICO + ANTIPERETICO TABLETAS 1,Cliente 1,0,2026-07-01,414709.5761276625,126404.5740724998,604437.07257085
ANALGESICO + ANTIPERETICO TABLETAS 1,Cliente 1,0,2026-08-01,442536.6638162502,148893.13932731654,651822.3921462292
ANALGESICO + ANTIPERETICO TABLETAS 1,Cliente 1,0,2026-09-01,401649.45802036,125602.70983244799,628884.2948487244
ANALGESICO + ANTIPERETICO TABLETAS 1,Cliente 2,0,2025-10-01,116801.03240379358,-31975.02200138766,262820.15432821016
ANALGESICO + ANTIPERETICO TABLETAS 1,Cliente 2,0,2025-11-01,223074.79005882857,132519.15511128432,421445.0907059068
ANALGESICO + ANTIPERETICO TABLETAS 1,Cliente 2,0,2025-12-01,212192.70326239135,54580.34958201457,333758.98854683246
ANALGESICO + ANTIPERETICO TABLETAS 1,Cliente 2,0,2026-01-01,182820.99566831056,32041.139146957226,326905.41468829074
ANALGESICO + ANTIPERETICO TABLETAS 1,Cliente 2,0,2026-02-01,126316.66488383303,-82123.35213629378,205953.95134369814
ANALGESICO + ANTIPERETICO TABLETAS 1,Cliente 2,0,2026-03-01,246303.733473474,98682.7607207873,377507.2061042967
ANALGESICO + ANTIPERETICO TABLETAS 1,Cliente 2,0,2026-04-01,214861.2548699187,42354.52258150129,335746.33563754987
ANALGESICO + ANTIPERETICO TABLETAS 1,Cliente 2,0,2026-05-01,130589.06392076035,-35772.9647039557,247111.18449501955
ANALGESICO + ANTIPERETICO TABLETAS 1,Cliente 2,0,2026-06-01,116642.0107603842,-48951.89731406872,226171.32271126137
ANALGESICO + ANTIPERETICO TABLETAS 1,Cliente 2,0,2026-07-01,143670.79618304045,-11312.81402801983,271941.16366717505
ANALGESICO + ANTIPERETICO TABLETAS 1,Cliente 2,0,2026-08-01,151163.54673030323,36244.90533752123,315170.3886410386
ANALGESICO + ANTIPERETICO TABLETAS 1,Cliente 2,0,2026-09-01,112792.64226405222,-53618.00264893225,231561.0056973905
ANALGESICO + ANTIPERETICO TABLETAS 1,Cliente 3,0,2025-10-01,246882.04758818293,-100040.82686999517,492977.16338706965
ANALGESICO + ANTIPERETICO TABLETAS 1,Cliente 3,0,2025-11-01,312725.9356208598,52275.058163325724,662123.2643469911
ANALGESICO + ANTIPERETICO TABLETAS 1,Cliente 3,0,2025-12-01,127320.82497630191,-201048.22680717258,414099.0666751832
ANALGESICO + ANTIPERETICO TABLETAS 1,Cliente 3,0,2026-01-01,274134.49261030974,13265.117200905595,591469.3384889166
ANALGESICO + ANTIPERETICO TABLETAS 1,Cliente 3,0,2026-02-01,299010.6468786313,-23314.073819193,562516.8756315686
ANALGESICO + ANTIPERETICO TABLETAS 1,Cliente 3,0,2026-03-01,189117.25079150367,-96223.14858970254,478436.9801369089
ANALGESICO + ANTIPERETICO TABLETAS 1,Cliente 3,0,2026-04-01,192870.88693820787,-137183.70900547126,454900.51110241865
ANALGESICO + ANTIPERETICO TABLETAS 1,Cliente 3,0,2026-05-01,147647.63652245,-220755.54960100428,377325.20811517205
ANALGESICO + ANTIPERETICO TABLETAS 1,Cliente 3,0,2026-06-01,381835.92297228373,120731.36937777042,712446.1216013202
ANALGESICO + ANTIPERETICO TABLETAS 1,Cliente 3,0,2026-07-01,344128.73852877825,70880.27210973385,635351.6611723803
ANALGESICO + ANTIPERETICO TABLETAS 1,Cliente 3,0,2026-08-01,285053.54138785164,-75908.3656176602,523293.4984131972
ANALGESICO + ANTIPERETICO TABLETAS 1,Cliente 3,0,2026-09-01,144532.86839711558,-203846.80522140005,386671.3077268571
ANALGESICO + ANTIPERETICO TABLETAS 1,Cliente 5,0,2025-10-01,146956.22982268702,48934.80342605981,210613.00408157698
ANALGESICO + ANTIPERETICO TABLETAS 1,Cliente 5,0,2025-11-01,88080.23604086782,30138.24427379989,194930.0758401253
ANALGESICO + ANTIPERETICO TABLETAS 1,Cliente 5,0,2025-12-01,84391.27666869023,34845.136618391836,195452.07789193586
ANALGESICO + ANTIPERETICO TABLETAS 1,Cliente 5,0,2026-01-01,121537.08374296693,43065.75712029436,207379.2399784121
ANALGESICO + ANTIPERETICO TABLETAS 1,Cliente 5,0,2026-02-01,68588.00921564504,-16184.390939908379,146909.33727686416
ANALGESICO + ANTIPERETICO TABLETAS 1,Cliente 5,0,2026-03-01,93453.44203678682,3118.6403863085375,168396.0365490122
ANALGESICO + ANTIPERETICO TABLETAS 1,Cliente 5,0,2026-04-01,107996.26674573531,4964.289490849916,165026.52713198157
ANALGESICO + ANTIPERETICO TABLETAS 1,Cliente 5,0,2026-05-01,80783.88497408836,25809.137715482837,188074.75869727042
ANALGESICO + ANTIPERETICO TABLETAS 1,Cliente 5,0,2026-06-01,104734.59161643292,45385.90156429401,205447.54221745246
ANALGESICO + ANTIPERETICO TABLETAS 1,Cliente 5,0,2026-07-01,104843.4117738239,9316.945021245974,176446.71427881194
ANALGESICO + ANTIPERETICO TABLETAS 1,Cliente 5,0,2026-08-01,100476.81843407535,25702.096542016385,183291.33406393047
ANALGESICO + ANTIPERETICO TABLETAS 1,Cliente 5,0,2026-09-01,73462.40178560659,9604.017276120489,173183.5760343352
ANALGESICO + ANTIPERETICO TABLETAS 1,Cliente Otros,0,2025-10-01,203615.14288522207,127738.10504028435,271140.9383353019
ANALGESICO + ANTIPERETICO TABLETAS 1,Cliente Otros,0,2025-11-01,145795.6433970427,57181.68422603309,203386.7464371049
ANALGESICO + ANTIPERETICO TABLETAS 1,Cliente Otros,0,2025-12-01,129986.22218723828,33403.28020909251,182948.6619399552
ANALGESICO + ANTIPERETICO TABLETAS 1,Cliente Otros,0,2026-01-01,221959.16851569086,130532.2913290989,281406.4895307931
ANALGESICO + ANTIPERETICO TABLETAS 1,Cliente Otros,0,2026-02-01,196808.04785414043,125690.75151319837,278109.30416857044
ANALGESICO + ANTIPERETICO TABLETAS 1,Cliente Otros,0,2026-03-01,175599.10423312197,53587.655978725394,205716.5703927757
ANALGESICO + ANTIPERETICO TABLETAS 1,Cliente Otros,0,2026-04-01,162171.25912319074,47754.753915747104,200516.6836349658
ANALGESICO + ANTIPERETICO TABLETAS 1,Cliente Otros,0,2026-05-01,163684.83104244238,59515.4428953072,214925.49901455673
ANALGESICO + ANTIPERETICO TABLETAS 1,Cliente Otros,0,2026-06-01,199446.5614683995,104180.96056432856,261622.91630079647
ANALGESICO + ANTIPERETICO TABLETAS 1,Cliente Otros,0,2026-07-01,140352.5430431102,45154.9054672328,191613.1296214896
ANALGESICO + ANTIPERETICO TABLETAS 1,Cliente Otros,0,2026-08-01,191588.14100822256,111423.04286487949,253001.37144111883
ANALGESICO + ANTIPERETICO TABLETAS 1,Cliente Otros,0,2026-09-01,196184.0465638688,91102.49788127249,240650.836043435
ANALGESICO + ANTIPERETICO TABLETAS 2,Cliente 1,0,2025-10-01,334102.8194832694,-99129.04891906417,462847.1493089144
ANALGESICO + ANTIPERETICO TABLETAS 2,Cliente 1,0,2025-11-01,378191.45904548565,60530.73838129605,575143.0365838561
ANALGESICO + ANTIPERETICO TABLETAS 2,Cliente 1,0,2025-12-01,268552.4094881433,-20782.477390372762,537727.0152405731
ANALGESICO + ANTIPERETICO TABLETAS 2,Cliente 1,0,2026-01-01,370052.1151849977,40201.62414289968,583609.2391975586
ANALGESICO + ANTIPERETICO TABLETAS 2,Cliente 1,0,2026-02-01,445470.07099938503,214628.51830424715,763309.1054519456
ANALGESICO + ANTIPERETICO TABLETAS 2,Cliente 1,0,2026-03-01,328077.45765742386,-551.1185028090089,555032.5506860967
ANALGESICO + ANTIPERETICO TABLETAS 2,Cliente 1,0,2026-04-01,316270.66925832647,17902.70533647293,578640.2013528391
ANALGESICO + ANTIPERETICO TABLETAS 2,Cliente 1,0,2026-05-01,288164.3740720839,-81950.99332836182,480576.7182019289
ANALGESICO + ANTIPERETICO TABLETAS 2,Cliente 1,0,2026-06-01,172035.19720943636,-111824.07364675045,455640.54182254255
ANALGESICO + ANTIPERETICO TABLETAS 2,Cliente 1,0,2026-07-01,220898.44626309932,-81287.93825506447,461264.9435938241
ANALGESICO + ANTIPERETICO TABLETAS 2,Cliente 1,0,2026-08-01,272176.0061429077,27262.915823780637,560457.5654890283
ANALGESICO + ANTIPERETICO TABLETAS 2,Cliente 1,0,2026-09-01,306047.8068370098,-43240.298540888245,527339.7443958207
ANALGESICO + ANTIPERETICO TABLETAS 2,Cliente 2,0,2025-10-01,134560.41368156686,-143731.74554263905,302453.3965373818
ANALGESICO + ANTIPERETICO TABLETAS 2,Cliente 2,0,2025-11-01,138087.953865821,-15647.587312715053,391940.95609760704
ANALGESICO + ANTIPERETICO TABLETAS 2,Cliente 2,0,2025-12-01,166266.01114781245,-35269.558229559574,385826.98681190086
ANALGESICO + ANTIPERETICO TABLETAS 2,Cliente 2,0,2026-01-01,249233.38786991793,-1496.8749720500732,416941.51274456875
ANALGESICO + ANTIPERETICO TABLETAS 2,Cliente 2,0,2026-02-01,251533.1155792412,-1027.6906431727107,407419.3178848429
ANALGESICO + ANTIPERETICO TABLETAS 2,Cliente 2,0,2026-03-01,307701.4924408304,115679.16551491719,530995.8265919068
ANALGESICO + ANTIPERETICO TABLETAS 2,Cliente 2,0,2026-04-01,229999.85934622804,61800.25953311181,483488.83786066336
ANALGESICO + ANTIPERETICO TABLETAS 2,Cliente 2,0,2026-05-01,119081.39339179959,-124491.62501792517,291163.09909639676
ANALGESICO + ANTIPERETICO TABLETAS 2,Cliente 2,0,2026-06-01,114581.39977140457,-96337.75245409727,333970.1293176001
ANALGESICO + ANTIPERETICO TABLETAS 2,Cliente 2,0,2026-07-01,94589.99642985828,-108981.53382576708,325122.5573918301
ANALGESICO + ANTIPERETICO TABLETAS 2,Cliente 2,0,2026-08-01,115190.0865606735,-72001.83569102974,369687.02756358654
ANALGESICO + ANTIPERETICO TABLETAS 2,Cliente 2,0,2026-09-01,199066.88363604285,-44943.32655649858,357665.50019323704
ANALGESICO + ANTIPERETICO TABLETAS 2,Cliente 3,0,2025-10-01,240904.89652589554,-147612.74393799133,583337.4220287156
ANALGESICO + ANTIPERETICO TABLETAS 2,Cliente 3,0,2025-11-01,294162.6009353786,-26631.769250023877,722749.2404523527
ANALGESICO + ANTIPERETICO TABLETAS 2,Cliente 3,0,2025-12-01,210685.79696101128,-141498.68576521814,599676.9577375901
ANALGESICO + ANTIPERETICO TABLETAS 2,Cliente 3,0,2026-01-01,456710.13750618184,64798.46432936655,824915.3930491052
ANALGESICO + ANTIPERETICO TABLETAS 2,Cliente 3,0,2026-02-01,374762.35544013575,9034.887155963821,725856.9671684642
ANALGESICO + ANTIPERETICO TABLETAS 2,Cliente 3,0,2026-03-01,239150.45565765773,-205859.49368157188,550470.7869628527
ANALGESICO + ANTIPERETICO TABLETAS 2,Cliente 3,0,2026-04-01,166814.51292644217,-303527.86103062006,435455.81859001564
ANALGESICO + ANTIPERETICO TABLETAS 2,Cliente 3,0,2026-05-01,141903.91002957054,-315529.5836203265,401438.19600897306
ANALGESICO + ANTIPERETICO TABLETAS 2,Cliente 3,0,2026-06-01,256009.0202462233,-159168.21957037455,578334.1338797701
ANALGESICO + ANTIPERETICO TABLETAS 2,Cliente 3,0,2026-07-01,292267.0365063601,-124327.75168536276,613487.2160438072
ANALGESICO + ANTIPERETICO TABLETAS 2,Cliente 3,0,2026-08-01,262789.64674273744,-131285.8594459191,586733.662969674
ANALGESICO + ANTIPERETICO TABLETAS 2,Cliente 3,0,2026-09-01,186896.44045595918,-282161.1142213116,461158.45714998146
ANALGESICO + ANTIPERETICO TABLETAS 2,Cliente 5,0,2025-10-01,95681.0033193718,90612.1897187214,211172.84559940198
ANALGESICO + ANTIPERETICO TABLETAS 2,Cliente 5,0,2025-11-01,78557.05888109824,10075.10593889704,130061.27502247138
ANALGESICO + ANTIPERETICO TABLETAS 2,Cliente 5,0,2025-12-01,92743.82578413228,43194.146376262885,160322.78831805856
ANALGESICO + ANTIPERETICO TABLETAS 2,Cliente 5,0,2026-01-01,105122.20670473123,53375.829306608684,165778.94268467408
ANALGESICO + ANTIPERETICO TABLETAS 2,Cliente 5,0,2026-02-01,72437.14952836024,-16131.459168764144,104052.80971846875
ANALGESICO + ANTIPERETICO TABLETAS 2,Cliente 5,0,2026-03-01,94801.48130562487,28053.34239540112,146612.64546215127
ANALGESICO + ANTIPERETICO TABLETAS 2,Cliente 5,0,2026-04-01,81774.4390042733,10904.46179154312,131445.10479569415
ANALGESICO + ANTIPERETICO TABLETAS 2,Cliente 5,0,2026-05-01,75327.17510265193,27862.49930816169,145119.92494238168
ANALGESICO + ANTIPERETICO TABLETAS 2,Cliente 5,0,2026-06-01,57132.37861173061,27692.507203608922,146356.53149324973
ANALGESICO + ANTIPERETICO TABLETAS 2,Cliente 5,0,2026-07-01,38101.65921099849,-23608.213131819557,98101.52502252546
ANALGESICO + ANTIPERETICO TABLETAS 2,Cliente 5,0,2026-08-01,60865.955960746775,20601.0700155964,136990.7292037744
ANALGESICO + ANTIPERETICO TABLETAS 2,Cliente 5,0,2026-09-01,67018.95561977878,4235.670285291406,122314.66865424972
ANALGESICO + ANTIPERETICO TABLETAS 2,Cliente Otros,0,2025-10-01,155575.52050098588,53376.385546203186,249956.44234864495
ANALGESICO + ANTIPERETICO TABLETAS 2,Cliente Otros,0,2025-11-01,114009.4491175257,7045.514480513038,196968.93058535055
ANALGESICO + ANTIPERETICO TABLETAS 2,Cliente Otros,0,2025-12-01,94528.45344833676,-39801.861826880944,161672.9824123298
ANALGESICO + ANTIPERETICO TABLETAS 2,Cliente Otros,0,2026-01-01,162648.07911317158,81078.92896703427,272008.73452986474
ANALGESICO + ANTIPERETICO TABLETAS 2,Cliente Otros,0,2026-02-01,166540.09460492377,67427.32445468081,255908.0186632456
ANALGESICO + ANTIPERETICO TABLETAS 2,Cliente Otros,0,2026-03-01,169214.03715853972,28261.40427473737,209311.5190732008
ANALGESICO + ANTIPERETICO TABLETAS 2,Cliente Otros,0,2026-04-01,133694.5451639575,-9009.80536329067,187141.71825394602
ANALGESICO + ANTIPERETICO TABLETAS 2,Cliente Otros,0,2026-05-01,105926.0652911206,-23560.44384512114,176600.07318526504
ANALGESICO + ANTIPERETICO TABLETAS 2,Cliente Otros,0,2026-06-01,106498.76032860401,29243.76816721559,220702.99927153412
ANALGESICO + ANTIPERETICO TABLETAS 2,Cliente Otros,0,2026-07-01,100964.61935537886,-9251.370028132178,177342.01925270841
ANALGESICO + ANTIPERETICO TABLETAS 2,Cliente Otros,0,2026-08-01,130977.17643673503,1089.6832898079654,201990.80962269322
ANALGESICO + ANTIPERETICO TABLETAS 2,Cliente Otros,0,2026-09-01,119478.81746738862,-1868.6187593266884,191425.96294857864
ANTIBIOTICO + ANTIFUNGICO CREMA,Cliente 1,1,2025-10-01,790386.5146240866,-502166.43588818004,3401760.792207535
ANTIBIOTICO + ANTIFUNGICO CREMA,Cliente 1,1,2025-11-01,800560.5521178328,-489505.5788254486,3312162.7572289794
ANTIBIOTICO + ANTIFUNGICO CREMA,Cliente 1,1,2025-12-01,681553.2179899574,-1083888.2288963564,2751258.113676834
ANTIBIOTICO + ANTIFUNGICO CREMA,Cliente 1,1,2026-01-01,830752.3760413906,66500.87052647759,3877536.96012011
ANTIBIOTICO + ANTIFUNGICO CREMA,Cliente 1,1,2026-02-01,705324.6299788972,-697885.2301096144,3145910.830867045
ANTIBIOTICO + ANTIFUNGICO CREMA,Cliente 1,1,2026-03-01,747311.4916661192,-11579.07784571587,3865335.640784861
ANTIBIOTICO + ANTIFUNGICO CREMA,Cliente 1,1,2026-04-01,726097.5129626814,181208.80783655492,4001891.0245353496
ANTIBIOTICO + ANTIFUNGICO CREMA,Cliente 1,1,2026-05-01,585308.794490845,-1437674.8638050852,2304793.7599348268
ANTIBIOTICO + ANTIFUNGICO CREMA,Cliente 1,1,2026-06-01,475885.06489430834,-1398494.0856676346,2367947.293429063
ANTIBIOTICO + ANTIFUNGICO CREMA,Cliente 1,1,2026-07-01,592435.6699835085,-554043.8230343738,3268205.1029233257
ANTIBIOTICO + ANTIFUNGICO CREMA,Cliente 1,1,2026-08-01,497242.97532383236,-1047531.7609911913,2842267.4833983704
ANTIBIOTICO + ANTIFUNGICO CREMA,Cliente 1,1,2026-09-01,748258.1088488459,-463816.31445589947,3427257.5038197404
ANTIBIOTICO + ANTIFUNGICO CREMA,Cliente 2,1,2025-10-01,476221.8053270586,-499450.8355832898,1035564.7632742043
ANTIBIOTICO + ANTIFUNGICO CREMA,Cliente 2,1,2025-11-01,523332.1718958472,-323411.3438744141,1287097.9077560613
ANTIBIOTICO + ANTIFUNGICO CREMA,Cliente 2,1,2025-12-01,549692.5510036005,40622.75928815712,1598828.4634937597
ANTIBIOTICO + ANTIFUNGICO CREMA,Cliente 2,1,2026-01-01,459984.85293327057,-284071.801656643,1304906.0266563545
ANTIBIOTICO + ANTIFUNGICO CREMA,Cliente 2,1,2026-02-01,336284.27221405826,-551515.4712292419,990797.2854842427
ANTIBIOTICO + ANTIFUNGICO CREMA,Cliente 2,1,2026-03-01,537688.1551711247,-19457.456231922715,1540675.1529307168
ANTIBIOTICO + ANTIFUNGICO CREMA,Cliente 2,1,2026-04-01,596811.8273526761,-16566.402422299427,1555405.478644885
ANTIBIOTICO + ANTIFUNGICO CREMA,Cliente 2,1,2026-05-01,372935.97579371353,-596760.4640404772,969024.4826693638
ANTIBIOTICO + ANTIFUNGICO CREMA,Cliente 2,1,2026-06-01,566088.2274102707,-360551.91869351495,1181899.2308245932
ANTIBIOTICO + ANTIFUNGICO CREMA,Cliente 2,1,2026-07-01,700170.334228882,-110454.80570785976,1421120.8314329388
ANTIBIOTICO + ANTIFUNGICO CREMA,Cliente 2,1,2026-08-01,469530.14854202466,-617012.772738159,910296.8331060453
ANTIBIOTICO + ANTIFUNGICO CREMA,Cliente 2,1,2026-09-01,393501.00408534164,-456218.7985975886,1046052.1804390132
ANTIBIOTICO + ANTIFUNGICO CREMA,Cliente 3,2,2025-10-01,1439621.2512104365,-296461.1951170883,5366210.128597784
ANTIBIOTICO + ANTIFUNGICO CREMA,Cliente 3,2,2025-11-01,1469900.3457395649,-420625.8170883955,5557358.407738386
ANTIBIOTICO + ANTIFUNGICO CREMA,Cliente 3,2,2025-12-01,304384.08535572706,-2496584.845982697,2871028.987533081
ANTIBIOTICO + ANTIFUNGICO CREMA,Cliente 3,2,2026-01-01,2038725.5441442516,-106243.51461449015,5690780.814818786
ANTIBIOTICO + ANTIFUNGICO CREMA,Cliente 3,2,2026-02-01,1012178.4830419816,-1809362.1210853327,3618613.001346313
ANTIBIOTICO + ANTIFUNGICO CREMA,Cliente 3,2,2026-03-01,723563.6525902293,-2249372.9563254653,3131812.7423618725
ANTIBIOTICO + ANTIFUNGICO CREMA,Cliente 3,2,2026-04-01,1964432.8926936965,650137.5206575223,6327170.187711562
ANTIBIOTICO + ANTIFUNGICO CREMA,Cliente 3,2,2026-05-01,532954.916873121,-2685536.933772573,2778713.4829139533
ANTIBIOTICO + ANTIFUNGICO CREMA,Cliente 3,2,2026-06-01,707245.3130739174,-2441496.7498874743,3092012.9123157673
ANTIBIOTICO + ANTIFUNGICO CREMA,Cliente 3,2,2026-07-01,1294654.71272893,-1064626.6263411653,4502153.061734688
ANTIBIOTICO + ANTIFUNGICO CREMA,Cliente 3,2,2026-08-01,1535304.8275590886,-1210107.6143155424,4247204.3219596455
ANTIBIOTICO + ANTIFUNGICO CREMA,Cliente 3,2,2026-09-01,999166.652343498,-2396993.621142865,3648426.7355352226
ANTIBIOTICO + ANTIFUNGICO CREMA,Cliente 5,1,2025-10-01,738930.2745391983,198877.60686927807,1300460.6008029736
ANTIBIOTICO + ANTIFUNGICO CREMA,Cliente 5,1,2025-11-01,503873.83495943126,-97861.71595492905,918590.952070757
ANTIBIOTICO + ANTIFUNGICO CREMA,Cliente 5,1,2025-12-01,919965.308424511,613958.5129111673,1633337.1283665472
ANTIBIOTICO + ANTIFUNGICO CREMA,Cliente 5,1,2026-01-01,787761.8475162392,233257.36606461482,1281471.2612032953
ANTIBIOTICO + ANTIFUNGICO CREMA,Cliente 5,1,2026-02-01,794169.5382653158,225453.79019849907,1303110.7394580026
ANTIBIOTICO + ANTIFUNGICO CREMA,Cliente 5,1,2026-03-01,928240.7850153866,339990.5529123143,1413013.1845063665
ANTIBIOTICO + ANTIFUNGICO CREMA,Cliente 5,1,2026-04-01,669451.2616215877,163381.00776321933,1211589.9109546745
ANTIBIOTICO + ANTIFUNGICO CREMA,Cliente 5,1,2026-05-01,1107183.1072961804,591957.5582433409,1693599.9197358727
ANTIBIOTICO + ANTIFUNGICO CREMA,Cliente 5,1,2026-06-01,1033796.7955051325,477539.23137749097,1560869.8241864746
ANTIBIOTICO + ANTIFUNGICO CREMA,Cliente 5,1,2026-07-01,968831.7417115336,492050.6666601154,1521718.7321202864
ANTIBIOTICO + ANTIFUNGICO CREMA,Cliente 5,1,2026-08-01,954348.8342591459,606986.504441103,1653506.0702342566
ANTIBIOTICO + ANTIFUNGICO CREMA,Cliente 5,1,2026-09-01,916175.5992480079,521387.7044217036,1535236.8854506733
ANTIBIOTICO + ANTIFUNGICO CREMA,Cliente Otros,1,2025-10-01,1118837.1187859366,215222.53490986262,2301047.437469067
ANTIBIOTICO + ANTIFUNGICO CREMA,Cliente Otros,1,2025-11-01,890256.8785479227,-133538.66079887553,1870612.212848432
ANTIBIOTICO + ANTIFUNGICO CREMA,Cliente Otros,1,2025-12-01,607310.6011704338,-698103.7588523782,1373160.8469961141
ANTIBIOTICO + ANTIFUNGICO CREMA,Cliente Otros,1,2026-01-01,782820.5689603199,-577920.4410184588,1367067.2948446462
ANTIBIOTICO + ANTIFUNGICO CREMA,Cliente Otros,1,2026-02-01,807724.0477441432,-216401.0471301772,1912809.3986682142
ANTIBIOTICO + ANTIFUNGICO CREMA,Cliente Otros,1,2026-03-01,759528.9788795864,-114912.12226274653,1912346.2988975206
ANTIBIOTICO + ANTIFUNGICO CREMA,Cliente Otros,1,2026-04-01,851765.132439035,106584.7024526952,2149458.617846107
ANTIBIOTICO + ANTIFUNGICO CREMA,Cliente Otros,1,2026-05-01,877960.0136356322,136363.22428857646,2230801.2424354
ANTIBIOTICO + ANTIFUNGICO CREMA,Cliente Otros,1,2026-06-01,1100110.533835571,-286163.4614666005,1860147.8879369036
ANTIBIOTICO + ANTIFUNGICO CREMA,Cliente Otros,1,2026-07-01,1104534.491216197,408064.45136064634,2575091.470030263
ANTIBIOTICO + ANTIFUNGICO CREMA,Cliente Otros,1,2026-08-01,835180.7976892637,-363964.61886602355,1611312.1574279785
ANTIBIOTICO + ANTIFUNGICO CREMA,Cliente Otros,1,2026-09-01,762546.448573629,-265435.5687828928,1770976.507357277
ANTIBIOTICO SOLUCIONES INYECTABLE 2,Cliente 1,0,2025-10-01,333037.8137675298,-38525.46380449479,1885829.6560210835
ANTIBIOTICO SOLUCIONES INYECTABLE 2,Cliente 1,0,2025-11-01,279311.5441661196,-247642.62597955714,1779067.905997941
ANTIBIOTICO SOLUCIONES INYECTABLE 2,Cliente 1,0,2025-12-01,311598.4478122132,-2537.6467330962096,1898529.6462558887
ANTIBIOTICO SOLUCIONES INYECTABLE 2,Cliente 1,0,2026-01-01,360797.36890372244,-155886.41402828734,1846304.1397054547
ANTIBIOTICO SOLUCIONES INYECTABLE 2,Cliente 1,0,2026-02-01,401612.8235218344,80305.65882015973,1969402.361565809
ANTIBIOTICO SOLUCIONES INYECTABLE 2,Cliente 1,0,2026-03-01,324209.18343266705,-125675.66633706237,1877546.3315684712
ANTIBIOTICO SOLUCIONES INYECTABLE 2,Cliente 1,0,2026-04-01,324334.4278195129,-215075.41051945343,1792371.2315067472
ANTIBIOTICO SOLUCIONES INYECTABLE 2,Cliente 1,0,2026-05-01,323796.13898071094,-233990.1769095071,1805252.415089305
ANTIBIOTICO SOLUCIONES INYECTABLE 2,Cliente 1,0,2026-06-01,281375.9306052521,-344280.0634513341,1559542.175072048
ANTIBIOTICO SOLUCIONES INYECTABLE 2,Cliente 1,0,2026-07-01,289943.04531978915,-310757.000340162,1669220.9527453484
ANTIBIOTICO SOLUCIONES INYECTABLE 2,Cliente 1,0,2026-08-01,283279.77291209396,-388652.0539154293,1585085.7972165444
ANTIBIOTICO SOLUCIONES INYECTABLE 2,Cliente 1,0,2026-09-01,290588.0831824466,-400309.7167830789,1567757.5021978277
ANTIBIOTICO SOLUCIONES INYECTABLE 2,Cliente 2,0,2025-10-01,120821.05155303743,-73825.32395944766,541686.2855713489
ANTIBIOTICO SOLUCIONES INYECTABLE 2,Cliente 2,0,2025-11-01,126290.33590049781,-122625.03998437682,493291.3047867281
ANTIBIOTICO SOLUCIONES INYECTABLE 2,Cliente 2,0,2025-12-01,70241.6769700438,-247233.43151337662,392837.7189722797
ANTIBIOTICO SOLUCIONES INYECTABLE 2,Cliente 2,0,2026-01-01,234491.1350129504,13416.474202522451,620755.2727988454
ANTIBIOTICO SOLUCIONES INYECTABLE 2,Cliente 2,0,2026-02-01,87091.01671236752,-183325.64429430265,418943.7884619689
ANTIBIOTICO SOLUCIONES INYECTABLE 2,Cliente 2,0,2026-03-01,284826.85075163835,94550.17220475602,724915.4314684054
ANTIBIOTICO SOLUCIONES INYECTABLE 2,Cliente 2,0,2026-04-01,121021.84598886025,-115925.1494100021,502412.6268620319
ANTIBIOTICO SOLUCIONES INYECTABLE 2,Cliente 2,0,2026-05-01,39318.849354621474,-298545.41562353895,309784.50254071667
ANTIBIOTICO SOLUCIONES INYECTABLE 2,Cliente 2,0,2026-06-01,135421.61330384665,-128892.06030599799,478016.509427637
ANTIBIOTICO SOLUCIONES INYECTABLE 2,Cliente 2,0,2026-07-01,131000.20216485237,-124290.36657583842,526129.7275200468
ANTIBIOTICO SOLUCIONES INYECTABLE 2,Cliente 2,0,2026-08-01,40775.79861388224,-264375.7980890166,368480.67685039045
ANTIBIOTICO SOLUCIONES INYECTABLE 2,Cliente 2,0,2026-09-01,43714.61349273115,-283463.018490147,360949.9571305631
ANTIBIOTICO SOLUCIONES INYECTABLE 2,Cliente 3,3,2025-10-01,1013398.8934051944,-28739.903937558924,3864570.782729692
ANTIBIOTICO SOLUCIONES INYECTABLE 2,Cliente 3,3,2025-11-01,831107.5676220712,-326677.55144367006,3537492.630503206
ANTIBIOTICO SOLUCIONES INYECTABLE 2,Cliente 3,3,2025-12-01,326656.3713575784,-1474100.6808804467,2393484.15311668
ANTIBIOTICO SOLUCIONES INYECTABLE 2,Cliente 3,3,2026-01-01,1154309.4033744473,-150151.96735323776,3898266.472506524
ANTIBIOTICO SOLUCIONES INYECTABLE 2,Cliente 3,3,2026-02-01,344461.3074946037,-1671661.7157488598,2123861.054422529
ANTIBIOTICO SOLUCIONES INYECTABLE 2,Cliente 3,3,2026-03-01,489094.29311659216,-1781761.3762750644,2274736.307521129
ANTIBIOTICO SOLUCIONES INYECTABLE 2,Cliente 3,3,2026-04-01,1043551.7270676947,-374188.01277403644,3681553.780878242
ANTIBIOTICO SOLUCIONES INYECTABLE 2,Cliente 3,3,2026-05-01,204482.1260953031,-1996669.9307003638,2084998.893805989
ANTIBIOTICO SOLUCIONES INYECTABLE 2,Cliente 3,3,2026-06-01,226221.58893967778,-2027166.3980494777,1961713.829803276
ANTIBIOTICO SOLUCIONES INYECTABLE 2,Cliente 3,3,2026-07-01,813180.9202654721,-689728.654784436,3409551.269186981
ANTIBIOTICO SOLUCIONES INYECTABLE 2,Cliente 3,3,2026-08-01,220674.67494924655,-1908143.0531618386,2220476.968498351
ANTIBIOTICO SOLUCIONES INYECTABLE 2,Cliente 3,3,2026-09-01,438803.74174375506,-1342665.180720302,2586098.1181742908
ANTIBIOTICO SOLUCIONES INYECTABLE 2,Cliente 5,0,2025-10-01,230504.49159334126,-241152.86338299944,1266986.006594435
ANTIBIOTICO SOLUCIONES INYECTABLE 2,Cliente 5,0,2025-11-01,56634.641970199766,-655581.7141073421,827888.1552106135
ANTIBIOTICO SOLUCIONES INYECTABLE 2,Cliente 5,0,2025-12-01,169726.2412518442,-404342.7247891624,1062312.9758872753
ANTIBIOTICO SOLUCIONES INYECTABLE 2,Cliente 5,0,2026-01-01,181743.19041932773,-483239.773615094,1012989.1757437823
ANTIBIOTICO SOLUCIONES INYECTABLE 2,Cliente 5,0,2026-02-01,246407.74266987186,-287685.3834125703,1283728.856861894
ANTIBIOTICO SOLUCIONES INYECTABLE 2,Cliente 5,0,2026-03-01,343503.8453240776,-105209.44365022228,1315584.2697271714
ANTIBIOTICO SOLUCIONES INYECTABLE 2,Cliente 5,0,2026-04-01,-1996.2609368019232,-855649.5503629458,524185.115705555
ANTIBIOTICO SOLUCIONES INYECTABLE 2,Cliente 5,0,2026-05-01,13091.59809919991,-879867.2210858867,615692.3506999911
ANTIBIOTICO SOLUCIONES INYECTABLE 2,Cliente 5,0,2026-06-01,37791.82764581021,-799862.7543604233,655821.4822374915
ANTIBIOTICO SOLUCIONES INYECTABLE 2,Cliente 5,0,2026-07-01,-11030.96260527207,-924510.1831377773,598692.2451901196
ANTIBIOTICO SOLUCIONES INYECTABLE 2,Cliente 5,0,2026-08-01,146989.80657430112,-592762.7526628318,889489.447577955
ANTIBIOTICO SOLUCIONES INYECTABLE 2,Cliente 5,0,2026-09-01,73985.28544098951,-706077.494178102,736041.5072903618
ANTIBIOTICO SOLUCIONES INYECTABLE 2,Cliente Otros,0,2025-10-01,473735.9432669969,203423.39494397037,1251865.1872511439
ANTIBIOTICO SOLUCIONES INYECTABLE 2,Cliente Otros,0,2025-11-01,152340.2366369017,-292483.917969326,748094.2809808597
ANTIBIOTICO SOLUCIONES INYECTABLE 2,Cliente Otros,0,2025-12-01,132998.1532233856,-308635.0038919079,704853.9546629203
ANTIBIOTICO SOLUCIONES INYECTABLE 2,Cliente Otros,0,2026-01-01,288581.96252942266,-171728.18425485637,922879.0478497267
ANTIBIOTICO SOLUCIONES INYECTABLE 2,Cliente Otros,0,2026-02-01,199714.31123798733,-212077.31479281743,811561.3568641322
ANTIBIOTICO SOLUCIONES INYECTABLE 2,Cliente Otros,0,2026-03-01,150733.02964408338,-325618.8068670421,691406.4651300831
ANTIBIOTICO SOLUCIONES INYECTABLE 2,Cliente Otros,0,2026-04-01,226256.20484260202,-243456.9535480543,823137.5480460564
ANTIBIOTICO SOLUCIONES INYECTABLE 2,Cliente Otros,0,2026-05-01,179062.52130634338,-388148.47745784774,693671.5368397377
ANTIBIOTICO SOLUCIONES INYECTABLE 2,Cliente Otros,0,2026-06-01,108235.98376193018,-377365.9436294585,706719.2685588605
ANTIBIOTICO SOLUCIONES INYECTABLE 2,Cliente Otros,0,2026-07-01,167084.06400797947,-342891.701017041,731157.1105354909
ANTIBIOTICO SOLUCIONES INYECTABLE 2,Cliente Otros,0,2026-08-01,178398.53560589,-308316.59009752766,738347.0420550382
ANTIBIOTICO SOLUCIONES INYECTABLE 2,Cliente Otros,0,2026-09-01,297471.0726541967,-156547.2912762298,935410.2534491087
ANTIBIOTICO SOLUCIONES INYECTABLE 3,Cliente 1,0,2025-10-01,278495.403523605,166601.26357553538,2048553.9355565503
ANTIBIOTICO SOLUCIONES INYECTABLE 3,Cliente 1,0,2025-11-01,225321.02629342183,-190242.14204606033,1637495.2492581059
ANTIBIOTICO SOLUCIONES INYECTABLE 3,Cliente 1,0,2025-12-01,187701.89814836974,-192153.92048352095,1734948.2567879115
ANTIBIOTICO SOLUCIONES INYECTABLE 3,Cliente 1,0,2026-01-01,218333.82897162903,-225676.35455087738,1684518.5695538006
ANTIBIOTICO SOLUCIONES INYECTABLE 3,Cliente 1,0,2026-02-01,312317.4361193194,27428.284599845927,1986625.01372296
ANTIBIOTICO SOLUCIONES INYECTABLE 3,Cliente 1,0,2026-03-01,221170.16358030506,-241907.9391123366,1691068.4618814928
ANTIBIOTICO SOLUCIONES INYECTABLE 3,Cliente 1,0,2026-04-01,199287.00635899487,29109.76655227069,1949392.8745065231
ANTIBIOTICO SOLUCIONES INYECTABLE 3,Cliente 1,0,2026-05-01,215863.48143157875,-191400.49439854082,1706883.7900691398
ANTIBIOTICO SOLUCIONES INYECTABLE 3,Cliente 1,0,2026-06-01,211682.21681196717,-233431.16789129985,1677719.632962406
ANTIBIOTICO SOLUCIONES INYECTABLE 3,Cliente 1,0,2026-07-01,195578.87059403013,-238597.34429964042,1664876.6863646286
ANTIBIOTICO SOLUCIONES INYECTABLE 3,Cliente 1,0,2026-08-01,196775.47741689882,-433183.43591774756,1443594.850321809
ANTIBIOTICO SOLUCIONES INYECTABLE 3,Cliente 1,0,2026-09-01,227317.5161392572,-286796.33739135147,1649293.8759908667
ANTIBIOTICO SOLUCIONES INYECTABLE 3,Cliente 2,0,2025-10-01,110042.41039191559,-45726.06188073807,375817.6255360294
ANTIBIOTICO SOLUCIONES INYECTABLE 3,Cliente 2,0,2025-11-01,144192.91984746492,-10787.474089580306,440185.1747518543
ANTIBIOTICO SOLUCIONES INYECTABLE 3,Cliente 2,0,2025-12-01,110825.80083426343,-97574.47557864842,322279.53070441517
ANTIBIOTICO SOLUCIONES INYECTABLE 3,Cliente 2,0,2026-01-01,301258.49283848796,166633.13280396827,561612.8896348746
ANTIBIOTICO SOLUCIONES INYECTABLE 3,Cliente 2,0,2026-02-01,228286.21266032607,78916.22622253584,481984.801262687
ANTIBIOTICO SOLUCIONES INYECTABLE 3,Cliente 2,0,2026-03-01,196125.86890537784,117376.56136511693,543433.4500935698
ANTIBIOTICO SOLUCIONES INYECTABLE 3,Cliente 2,0,2026-04-01,137449.78521292258,-14591.67059933843,413089.89611627324
ANTIBIOTICO SOLUCIONES INYECTABLE 3,Cliente 2,0,2026-05-01,104854.8739518636,-126623.48566568714,290446.63417906914
ANTIBIOTICO SOLUCIONES INYECTABLE 3,Cliente 2,0,2026-06-01,93091.43951367917,-44780.17353297705,389498.22013662005
ANTIBIOTICO SOLUCIONES INYECTABLE 3,Cliente 2,0,2026-07-01,84247.89561080425,-45546.170323056496,384328.0662102153
ANTIBIOTICO SOLUCIONES INYECTABLE 3,Cliente 2,0,2026-08-01,84364.02879362601,-48320.55832302257,356132.0015765159
ANTIBIOTICO SOLUCIONES INYECTABLE 3,Cliente 2,0,2026-09-01,94150.96221654408,-108745.1456842665,314622.4498812287
ANTIBIOTICO SOLUCIONES INYECTABLE 3,Cliente 3,3,2025-10-01,696066.3723647312,-439104.0872608468,3979144.122886692
ANTIBIOTICO SOLUCIONES INYECTABLE 3,Cliente 3,3,2025-11-01,548197.3510330837,-674882.0011139563,3688788.789518174
ANTIBIOTICO SOLUCIONES INYECTABLE 3,Cliente 3,3,2025-12-01,193834.4169614009,-1745222.7165552345,2545829.883798903
ANTIBIOTICO SOLUCIONES INYECTABLE 3,Cliente 3,3,2026-01-01,568598.3468563192,-760530.0447907334,3705836.5047834455
ANTIBIOTICO SOLUCIONES INYECTABLE 3,Cliente 3,3,2026-02-01,238846.51744056042,-1735229.3198190955,2569067.021928751
ANTIBIOTICO SOLUCIONES INYECTABLE 3,Cliente 3,3,2026-03-01,285250.83299795695,-1414506.1771160215,2551418.978376206
ANTIBIOTICO SOLUCIONES INYECTABLE 3,Cliente 3,3,2026-04-01,645275.4531216074,-289602.7955701216,3972592.2792555336
ANTIBIOTICO SOLUCIONES INYECTABLE 3,Cliente 3,3,2026-05-01,134946.52867478484,-2049568.4147715115,2302417.512546639
ANTIBIOTICO SOLUCIONES INYECTABLE 3,Cliente 3,3,2026-06-01,78418.78832725044,-2155289.202065991,2150286.0633424735
ANTIBIOTICO SOLUCIONES INYECTABLE 3,Cliente 3,3,2026-07-01,388478.563271089,-1032996.9338518091,3307613.8762576114
ANTIBIOTICO SOLUCIONES INYECTABLE 3,Cliente 3,3,2026-08-01,74937.57678342219,-2185820.7821533456,2072007.8715996635
ANTIBIOTICO SOLUCIONES INYECTABLE 3,Cliente 3,3,2026-09-01,302232.4783086769,-1565293.741851566,2798515.631110123
ANTIBIOTICO SOLUCIONES INYECTABLE 3,Cliente 5,0,2025-10-01,227888.0586657466,-9404.659367222117,1295010.4344864362
ANTIBIOTICO SOLUCIONES INYECTABLE 3,Cliente 5,0,2025-11-01,163257.61998172416,-87862.11047535337,1237784.4029471402
ANTIBIOTICO SOLUCIONES INYECTABLE 3,Cliente 5,0,2025-12-01,86585.81201013831,-209690.29377620685,1123696.23287791
ANTIBIOTICO SOLUCIONES INYECTABLE 3,Cliente 5,0,2026-01-01,179524.714875897,140616.9585525396,1448440.4035099053
ANTIBIOTICO SOLUCIONES INYECTABLE 3,Cliente 5,0,2026-02-01,185499.8083312723,87634.03258570145,1363819.0565742243
ANTIBIOTICO SOLUCIONES INYECTABLE 3,Cliente 5,0,2026-03-01,153421.0717543572,-153812.24742238532,1133710.2489640394
ANTIBIOTICO SOLUCIONES INYECTABLE 3,Cliente 5,0,2026-04-01,139292.5379838346,-520175.52810273855,805427.5667659272
ANTIBIOTICO SOLUCIONES INYECTABLE 3,Cliente 5,0,2026-05-01,116506.25863758412,-418194.57400973246,799279.5725352438
ANTIBIOTICO SOLUCIONES INYECTABLE 3,Cliente 5,0,2026-06-01,120631.20047560276,-535936.6475205497,743454.8404853852
ANTIBIOTICO SOLUCIONES INYECTABLE 3,Cliente 5,0,2026-07-01,111933.62481313614,-522136.6453251231,787609.9920531138
ANTIBIOTICO SOLUCIONES INYECTABLE 3,Cliente 5,0,2026-08-01,190087.38800730897,-280608.7778396402,1057697.2364611896
ANTIBIOTICO SOLUCIONES INYECTABLE 3,Cliente 5,0,2026-09-01,138697.66031316944,-461925.72729795874,865073.175191811
ANTIBIOTICO SOLUCIONES INYECTABLE 3,Cliente Otros,0,2025-10-01,288771.66121361445,87413.44278277106,1338211.9677286344
ANTIBIOTICO SOLUCIONES INYECTABLE 3,Cliente Otros,0,2025-11-01,158787.77108761322,-276746.1692648807,1023631.0602635817
ANTIBIOTICO SOLUCIONES INYECTABLE 3,Cliente Otros,0,2025-12-01,102392.90373738132,-440659.39034590515,873295.5895776371
ANTIBIOTICO SOLUCIONES INYECTABLE 3,Cliente Otros,0,2026-01-01,286773.9562248247,60542.93553758464,1368753.374195201
ANTIBIOTICO SOLUCIONES INYECTABLE 3,Cliente Otros,0,2026-02-01,185348.64835651164,-259914.92450607195,1101372.744918984
ANTIBIOTICO SOLUCIONES INYECTABLE 3,Cliente Otros,0,2026-03-01,135461.71498489464,-366082.3922797526,941065.0483791608
ANTIBIOTICO SOLUCIONES INYECTABLE 3,Cliente Otros,0,2026-04-01,249453.43520859795,-53278.68542392798,1268067.9024061977
ANTIBIOTICO SOLUCIONES INYECTABLE 3,Cliente Otros,0,2026-05-01,110696.10223959033,-394760.24207070394,843770.9431063324
ANTIBIOTICO SOLUCIONES INYECTABLE 3,Cliente Otros,0,2026-06-01,98681.06569914967,-500879.12582243787,856718.2141412144
ANTIBIOTICO SOLUCIONES INYECTABLE 3,Cliente Otros,0,2026-07-01,177823.87387214915,-194280.08608145252,1075998.5214196115
ANTIBIOTICO SOLUCIONES INYECTABLE 3,Cliente Otros,0,2026-08-01,136335.78302605494,-391388.78612711374,982063.0205362708
ANTIBIOTICO SOLUCIONES INYECTABLE 3,Cliente Otros,0,2026-09-01,122396.56181210588,-329993.08198194136,955776.741717128
ANTIBIOTICO SOLUCIONES INYECTABLE ADULTO,Cliente 1,0,2025-10-01,489506.2880021897,177404.06007111183,1192878.3790728827
ANTIBIOTICO SOLUCIONES INYECTABLE ADULTO,Cliente 1,0,2025-11-01,461348.0958610135,152068.19963623316,1202107.1418538694
ANTIBIOTICO SOLUCIONES INYECTABLE ADULTO,Cliente 1,0,2025-12-01,438784.1919718023,185601.80086189674,1158589.9758169458
ANTIBIOTICO SOLUCIONES INYECTABLE ADULTO,Cliente 1,0,2026-01-01,376162.51660081465,149109.3482183151,1169231.1065115249
ANTIBIOTICO SOLUCIONES INYECTABLE ADULTO,Cliente 1,0,2026-02-01,600308.7949573201,466346.1277422501,1429951.6192565039
ANTIBIOTICO SOLUCIONES INYECTABLE ADULTO,Cliente 1,0,2026-03-01,468611.8012696398,172297.45229980996,1180548.4291808328
ANTIBIOTICO SOLUCIONES INYECTABLE ADULTO,Cliente 1,0,2026-04-01,404940.392022534,142685.23683495788,1154238.330208653
ANTIBIOTICO SOLUCIONES INYECTABLE ADULTO,Cliente 1,0,2026-05-01,489585.58754185383,202071.77836349542,1168604.1127799887
ANTIBIOTICO SOLUCIONES INYECTABLE ADULTO,Cliente 1,0,2026-06-01,341003.52022595436,344086.61689088674,1350337.2133059704
ANTIBIOTICO SOLUCIONES INYECTABLE ADULTO,Cliente 1,0,2026-07-01,348243.9643024182,131308.08381289415,1153019.4594153159
ANTIBIOTICO SOLUCIONES INYECTABLE ADULTO,Cliente 1,0,2026-08-01,447963.23213490966,103011.86894112831,1133327.468074514
ANTIBIOTICO SOLUCIONES INYECTABLE ADULTO,Cliente 1,0,2026-09-01,418231.3488094208,6415.256996007527,978384.3860620058
ANTIBIOTICO SOLUCIONES INYECTABLE ADULTO,Cliente 2,0,2025-10-01,139812.30797893726,-47849.98260062971,449214.42091169895
ANTIBIOTICO SOLUCIONES INYECTABLE ADULTO,Cliente 2,0,2025-11-01,160354.63846130893,-59404.72300899181,447836.12538977945
ANTIBIOTICO SOLUCIONES INYECTABLE ADULTO,Cliente 2,0,2025-12-01,141140.89901646768,-19532.67946866146,485435.90694273205
ANTIBIOTICO SOLUCIONES INYECTABLE ADULTO,Cliente 2,0,2026-01-01,313125.46794134064,139163.31465884752,679993.7657153015
ANTIBIOTICO SOLUCIONES INYECTABLE ADULTO,Cliente 2,0,2026-02-01,157280.4113075977,-92121.58109857643,444799.91456140473
ANTIBIOTICO SOLUCIONES INYECTABLE ADULTO,Cliente 2,0,2026-03-01,173600.61537305804,13034.918940674359,533889.9082192319
ANTIBIOTICO SOLUCIONES INYECTABLE ADULTO,Cliente 2,0,2026-04-01,147779.87187096194,2316.989676985558,529322.018270857
ANTIBIOTICO SOLUCIONES INYECTABLE ADULTO,Cliente 2,0,2026-05-01,109319.96604952279,-134555.33332630555,376470.8660366713
ANTIBIOTICO SOLUCIONES INYECTABLE ADULTO,Cliente 2,0,2026-06-01,97027.04035887517,-128595.14629152199,415037.8480752347
ANTIBIOTICO SOLUCIONES INYECTABLE ADULTO,Cliente 2,0,2026-07-01,130508.00187592888,-22433.888795975214,512831.83640815853
ANTIBIOTICO SOLUCIONES INYECTABLE ADULTO,Cliente 2,0,2026-08-01,108579.94829398736,-123675.82934067614,393533.5876409475
ANTIBIOTICO SOLUCIONES INYECTABLE ADULTO,Cliente 2,0,2026-09-01,178226.78500878523,-138097.11084765234,375696.28037381714
ANTIBIOTICO SOLUCIONES INYECTABLE ADULTO,Cliente 3,0,2025-10-01,246220.0946840175,-591198.8294714652,964953.0588374786
ANTIBIOTICO SOLUCIONES INYECTABLE ADULTO,Cliente 3,0,2025-11-01,434728.16978175985,-122296.23039569087,1381253.8892172512
ANTIBIOTICO SOLUCIONES INYECTABLE ADULTO,Cliente 3,0,2025-12-01,467741.9491430737,-86689.50354044097,1421935.1301421514
ANTIBIOTICO SOLUCIONES INYECTABLE ADULTO,Cliente 3,0,2026-01-01,696576.182386422,232260.6445793027,1755448.9184837968
ANTIBIOTICO SOLUCIONES INYECTABLE ADULTO,Cliente 3,0,2026-02-01,379757.1572534616,-255994.17605038796,1266847.5745890986
ANTIBIOTICO SOLUCIONES INYECTABLE ADULTO,Cliente 3,0,2026-03-01,417018.3293871327,-229969.2578454345,1226964.1795008683
ANTIBIOTICO SOLUCIONES INYECTABLE ADULTO,Cliente 3,0,2026-04-01,430117.0691851804,-14722.967849227218,1433546.396158762
ANTIBIOTICO SOLUCIONES INYECTABLE ADULTO,Cliente 3,0,2026-05-01,233419.56926269946,-604571.8319019896,896406.1990664366
ANTIBIOTICO SOLUCIONES INYECTABLE ADULTO,Cliente 3,0,2026-06-01,276987.42084249115,-544448.6882063507,980980.9628284711
ANTIBIOTICO SOLUCIONES INYECTABLE ADULTO,Cliente 3,0,2026-07-01,432872.22736797034,-245977.59399422657,1275481.275888473
ANTIBIOTICO SOLUCIONES INYECTABLE ADULTO,Cliente 3,0,2026-08-01,314839.65713536885,-565602.3598121009,976548.3984926154
ANTIBIOTICO SOLUCIONES INYECTABLE ADULTO,Cliente 3,0,2026-09-01,402104.2870905471,-564150.0798263819,969471.5359032432
ANTIBIOTICO SOLUCIONES INYECTABLE ADULTO,Cliente 5,0,2025-10-01,127639.3289101711,48524.37238070593,313133.0762787205
ANTIBIOTICO SOLUCIONES INYECTABLE ADULTO,Cliente 5,0,2025-11-01,172778.87475518676,110213.59379610725,379774.7746308479
ANTIBIOTICO SOLUCIONES INYECTABLE ADULTO,Cliente 5,0,2025-12-01,147425.5830736784,68766.99125694709,344082.3815894216
ANTIBIOTICO SOLUCIONES INYECTABLE ADULTO,Cliente 5,0,2026-01-01,164281.2565621713,106775.33005968448,367477.0486231314
ANTIBIOTICO SOLUCIONES INYECTABLE ADULTO,Cliente 5,0,2026-02-01,182455.67880992498,141264.73172362323,404651.5683342571
ANTIBIOTICO SOLUCIONES INYECTABLE ADULTO,Cliente 5,0,2026-03-01,91726.30566669146,-4211.644359414962,252017.8338475729
ANTIBIOTICO SOLUCIONES INYECTABLE ADULTO,Cliente 5,0,2026-04-01,109235.38746701005,-9662.12976890427,255098.85547216705
ANTIBIOTICO SOLUCIONES INYECTABLE ADULTO,Cliente 5,0,2026-05-01,94745.72544005919,8559.41685090031,256110.18065729056
ANTIBIOTICO SOLUCIONES INYECTABLE ADULTO,Cliente 5,0,2026-06-01,86040.25800474586,10593.827304667146,272489.63338323985
ANTIBIOTICO SOLUCIONES INYECTABLE ADULTO,Cliente 5,0,2026-07-01,130249.5985604627,47161.22627853597,301516.05329413
ANTIBIOTICO SOLUCIONES INYECTABLE ADULTO,Cliente 5,0,2026-08-01,139301.8768723282,35230.51399204068,292318.0476055887
ANTIBIOTICO SOLUCIONES INYECTABLE ADULTO,Cliente 5,0,2026-09-01,105142.25799296079,-2031.3050759156733,269988.6052884443
ANTIBIOTICO SOLUCIONES INYECTABLE ADULTO,Cliente Otros,0,2025-10-01,208331.90602093955,116168.78410750546,484424.9097775379
ANTIBIOTICO SOLUCIONES INYECTABLE ADULTO,Cliente Otros,0,2025-11-01,264246.19044859713,135997.06581693588,477917.54743697215
ANTIBIOTICO SOLUCIONES INYECTABLE ADULTO,Cliente Otros,0,2025-12-01,249459.86271433267,116154.52250446826,454188.1181368099
ANTIBIOTICO SOLUCIONES INYECTABLE ADULTO,Cliente Otros,0,2026-01-01,436081.84564673464,316686.20578204014,677762.344220145
ANTIBIOTICO SOLUCIONES INYECTABLE ADULTO,Cliente Otros,0,2026-02-01,195374.79169291732,10119.073010406162,359729.2042155247
ANTIBIOTICO SOLUCIONES INYECTABLE ADULTO,Cliente Otros,0,2026-03-01,188283.54728673084,11795.34161544724,372748.9276907391
ANTIBIOTICO SOLUCIONES INYECTABLE ADULTO,Cliente Otros,0,2026-04-01,180455.86689822833,16939.903420181767,378354.32014543086
ANTIBIOTICO SOLUCIONES INYECTABLE ADULTO,Cliente Otros,0,2026-05-01,213882.44090487566,74142.61356513907,427565.5675709502
ANTIBIOTICO SOLUCIONES INYECTABLE ADULTO,Cliente Otros,0,2026-06-01,176475.96376739364,63825.02277233602,400872.8614083699
ANTIBIOTICO SOLUCIONES INYECTABLE ADULTO,Cliente Otros,0,2026-07-01,199100.68890218786,78900.44036274307,444002.07991364767
ANTIBIOTICO SOLUCIONES INYECTABLE ADULTO,Cliente Otros,0,2026-08-01,287799.7040552695,221660.56767025773,570365.5553012884
ANTIBIOTICO SOLUCIONES INYECTABLE ADULTO,Cliente Otros,0,2026-09-01,272904.473733891,111012.56530044317,467868.97202294564
ANTIPIRETICO SOLUCION PEDRIATRICO,Cliente 1,0,2025-10-01,179450.3276781152,183097.70233205624,714010.5152686825
ANTIPIRETICO SOLUCION PEDRIATRICO,Cliente 1,0,2025-11-01,157711.9032430355,125130.12249347505,672009.0957590628
ANTIPIRETICO SOLUCION PEDRIATRICO,Cliente 1,0,2025-12-01,144983.13240981408,51808.484650838895,599881.541918241
ANTIPIRETICO SOLUCION PEDRIATRICO,Cliente 1,0,2026-01-01,207042.46911297852,99928.88121827846,606355.7607067819
ANTIPIRETICO SOLUCION PEDRIATRICO,Cliente 1,0,2026-02-01,213982.37987943934,97082.81106439065,641527.410884159
ANTIPIRETICO SOLUCION PEDRIATRICO,Cliente 1,0,2026-03-01,170291.22445063363,25148.71472858964,563275.6190137008
ANTIPIRETICO SOLUCION PEDRIATRICO,Cliente 1,0,2026-04-01,200858.47856932195,98322.34847721778,633398.4902209371
ANTIPIRETICO SOLUCION PEDRIATRICO,Cliente 1,0,2026-05-01,184753.3413308238,38145.61209359024,575453.5364550751
ANTIPIRETICO SOLUCION PEDRIATRICO,Cliente 1,0,2026-06-01,201489.9626305243,65621.78178985836,594812.5581414547
ANTIPIRETICO SOLUCION PEDRIATRICO,Cliente 1,0,2026-07-01,187647.86435243077,28469.2542576281,574431.934111709
ANTIPIRETICO SOLUCION PEDRIATRICO,Cliente 1,0,2026-08-01,174436.17706190972,-17190.195976879975,555678.6819362491
ANTIPIRETICO SOLUCION PEDRIATRICO,Cliente 1,0,2026-09-01,178728.754455167,39742.87249511792,571040.6016429788
ANTIPIRETICO SOLUCION PEDRIATRICO,Cliente 2,0,2025-10-01,60316.09947208306,-73135.8279117582,206340.59408559417
ANTIPIRETICO SOLUCION PEDRIATRICO,Cliente 2,0,2025-11-01,99371.27079683116,49978.578157697375,339391.4242340803
ANTIPIRETICO SOLUCION PEDRIATRICO,Cliente 2,0,2025-12-01,55758.781491268055,-89950.98412897179,182011.2380336255
ANTIPIRETICO SOLUCION PEDRIATRICO,Cliente 2,0,2026-01-01,73629.5379639155,-103147.4310270628,195526.5374942893
ANTIPIRETICO SOLUCION PEDRIATRICO,Cliente 2,0,2026-02-01,51262.74502067334,-95336.36046009806,192539.14064069942
ANTIPIRETICO SOLUCION PEDRIATRICO,Cliente 2,0,2026-03-01,85687.21145172486,28161.72971983044,302668.92217514757
ANTIPIRETICO SOLUCION PEDRIATRICO,Cliente 2,0,2026-04-01,70047.91767239959,-66223.986955107,222885.26238341795
ANTIPIRETICO SOLUCION PEDRIATRICO,Cliente 2,0,2026-05-01,38577.90517933577,-135275.01203946891,134664.74904801406
ANTIPIRETICO SOLUCION PEDRIATRICO,Cliente 2,0,2026-06-01,65812.91543509299,-41611.417176479095,234188.91220775348
ANTIPIRETICO SOLUCION PEDRIATRICO,Cliente 2,0,2026-07-01,42245.858427902676,-101301.20265213745,162039.27622681516
ANTIPIRETICO SOLUCION PEDRIATRICO,Cliente 2,0,2026-08-01,64998.639706166934,-91026.15821158358,177760.07521513372
ANTIPIRETICO SOLUCION PEDRIATRICO,Cliente 2,0,2026-09-01,82760.13743830463,-6778.650059359864,279914.24135164113
ANTIPIRETICO SOLUCION PEDRIATRICO,Cliente 3,0,2025-10-01,139474.24747985633,-29957.714681732556,415235.8000869168
ANTIPIRETICO SOLUCION PEDRIATRICO,Cliente 3,0,2025-11-01,248588.52618009815,81649.30164036444,514416.5950527278
ANTIPIRETICO SOLUCION PEDRIATRICO,Cliente 3,0,2025-12-01,122306.60801461145,34144.064447732126,466915.52127206716
ANTIPIRETICO SOLUCION PEDRIATRICO,Cliente 3,0,2026-01-01,106303.39097285802,1429.3488921551607,421903.29669405543
ANTIPIRETICO SOLUCION PEDRIATRICO,Cliente 3,0,2026-02-01,100144.46066607618,-143291.01940704984,302497.2757785381
ANTIPIRETICO SOLUCION PEDRIATRICO,Cliente 3,0,2026-03-01,105812.52247140482,-81698.34999907672,349564.7703566115
ANTIPIRETICO SOLUCION PEDRIATRICO,Cliente 3,0,2026-04-01,97322.48163237813,-97314.08778086306,331242.87737490697
ANTIPIRETICO SOLUCION PEDRIATRICO,Cliente 3,0,2026-05-01,98407.57371140142,-207726.99445951896,232510.8128756087
ANTIPIRETICO SOLUCION PEDRIATRICO,Cliente 3,0,2026-06-01,144514.5407186301,53688.36670762049,484600.3815014546
ANTIPIRETICO SOLUCION PEDRIATRICO,Cliente 3,0,2026-07-01,160027.6054289904,-107638.85889269445,317744.02473380347
ANTIPIRETICO SOLUCION PEDRIATRICO,Cliente 3,0,2026-08-01,151351.2450099764,-145565.1520629629,307037.8261741385
ANTIPIRETICO SOLUCION PEDRIATRICO,Cliente 3,0,2026-09-01,134872.86995911022,-70742.19648578676,369959.28803362657
ANTIPIRETICO SOLUCION PEDRIATRICO,Cliente 5,0,2025-10-01,22486.083052352813,-8058.690428268813,73216.04888596943
ANTIPIRETICO SOLUCION PEDRIATRICO,Cliente 5,0,2025-11-01,41196.54770752005,20758.508037357078,96640.06156715959
ANTIPIRETICO SOLUCION PEDRIATRICO,Cliente 5,0,2025-12-01,32999.90561952345,5869.735248988365,81977.6159733692
ANTIPIRETICO SOLUCION PEDRIATRICO,Cliente 5,0,2026-01-01,8684.737171561732,-22282.224287021367,52555.937936038375
ANTIPIRETICO SOLUCION PEDRIATRICO,Cliente 5,0,2026-02-01,6366.052601509673,-28608.596151660488,45544.58295193721
ANTIPIRETICO SOLUCION PEDRIATRICO,Cliente 5,0,2026-03-01,11222.749845971033,-12102.966599866215,64926.598542380285
ANTIPIRETICO SOLUCION PEDRIATRICO,Cliente 5,0,2026-04-01,5545.041995287112,-33209.66672200616,45821.14194390335
ANTIPIRETICO SOLUCION PEDRIATRICO,Cliente 5,0,2026-05-01,6720.14072346625,-29722.114803420118,49123.35494141876
ANTIPIRETICO SOLUCION PEDRIATRICO,Cliente 5,0,2026-06-01,9356.59503684037,-31834.856714944122,43878.801259747444
ANTIPIRETICO SOLUCION PEDRIATRICO,Cliente 5,0,2026-07-01,13854.986553569588,-10373.71601139018,63390.411467354876
ANTIPIRETICO SOLUCION PEDRIATRICO,Cliente 5,0,2026-08-01,11354.379652687274,-16276.665306815532,62468.20636830666
ANTIPIRETICO SOLUCION PEDRIATRICO,Cliente 5,0,2026-09-01,11547.098992780904,-26272.676577912756,50265.881360437445
ANTIPIRETICO SOLUCION PEDRIATRICO,Cliente Otros,0,2025-10-01,94284.95851932613,14232.73353627486,199573.3892565404
ANTIPIRETICO SOLUCION PEDRIATRICO,Cliente Otros,0,2025-11-01,140104.6239038213,64423.3596138948,232702.843891375
ANTIPIRETICO SOLUCION PEDRIATRICO,Cliente Otros,0,2025-12-01,71343.22802847378,-22784.839594876146,161278.77181581585
ANTIPIRETICO SOLUCION PEDRIATRICO,Cliente Otros,0,2026-01-01,109052.15103916351,39058.682029725365,220735.80361667433
ANTIPIRETICO SOLUCION PEDRIATRICO,Cliente Otros,0,2026-02-01,59722.22220502715,-31715.84531621853,151524.24911020527
ANTIPIRETICO SOLUCION PEDRIATRICO,Cliente Otros,0,2026-03-01,57895.284761238894,-31479.213607107948,155870.12221719412
ANTIPIRETICO SOLUCION PEDRIATRICO,Cliente Otros,0,2026-04-01,82217.83155629976,-19373.925155182744,171101.3893761004
ANTIPIRETICO SOLUCION PEDRIATRICO,Cliente Otros,0,2026-05-01,99350.67690164025,-4776.843994345177,180059.8775653581
ANTIPIRETICO SOLUCION PEDRIATRICO,Cliente Otros,0,2026-06-01,63924.38192777437,-44203.66320068456,141396.59739402976
ANTIPIRETICO SOLUCION PEDRIATRICO,Cliente Otros,0,2026-07-01,86333.45410727322,5577.69529206001,183749.60747606165
ANTIPIRETICO SOLUCION PEDRIATRICO,Cliente Otros,0,2026-08-01,48321.00784239443,-54393.33114576732,120420.40953364511
ANTIPIRETICO SOLUCION PEDRIATRICO,Cliente Otros,0,2026-09-01,70922.17399498765,-28277.26924740523,139511.24948248354
ANTIPIRETICO SUSPENSION INFANTIL,Cliente 1,1,2025-10-01,606161.1958405295,461985.83990785613,1760379.1036984012
ANTIPIRETICO SUSPENSION INFANTIL,Cliente 1,1,2025-11-01,577199.0214071409,323266.09909148706,1620480.408623114
ANTIPIRETICO SUSPENSION INFANTIL,Cliente 1,1,2025-12-01,554631.138211552,302344.06769702584,1626851.0221376098
ANTIPIRETICO SUSPENSION INFANTIL,Cliente 1,1,2026-01-01,837586.657545511,397689.4901141276,1698962.5303088136
ANTIPIRETICO SUSPENSION INFANTIL,Cliente 1,1,2026-02-01,622767.3533712454,394035.13183335436,1654583.0363969512
ANTIPIRETICO SUSPENSION INFANTIL,Cliente 1,1,2026-03-01,670234.5303461417,427661.02788668673,1709866.9609452563
ANTIPIRETICO SUSPENSION INFANTIL,Cliente 1,1,2026-04-01,646171.6927981129,287365.3458902871,1611248.1735249935
ANTIPIRETICO SUSPENSION INFANTIL,Cliente 1,1,2026-05-01,620662.0811205204,350134.70121069904,1648008.7468332169
ANTIPIRETICO SUSPENSION INFANTIL,Cliente 1,1,2026-06-01,592066.6669796985,252692.8468360883,1541025.263196141
ANTIPIRETICO SUSPENSION INFANTIL,Cliente 1,1,2026-07-01,597962.9113355962,226555.2997860899,1479712.6703085336
ANTIPIRETICO SUSPENSION INFANTIL,Cliente 1,1,2026-08-01,595620.8147454251,184300.52619332084,1495081.757797608
ANTIPIRETICO SUSPENSION INFANTIL,Cliente 1,1,2026-09-01,620275.0870079874,271994.7904309137,1553101.9085975948
ANTIPIRETICO SUSPENSION INFANTIL,Cliente 2,0,2025-10-01,499361.73840397707,382873.912182194,1126857.3159999806
ANTIPIRETICO SUSPENSION INFANTIL,Cliente 2,0,2025-11-01,312524.7926600485,41410.25602230088,760027.9384641915
ANTIPIRETICO SUSPENSION INFANTIL,Cliente 2,0,2025-12-01,189727.41198553154,-169524.23996247785,590001.0772687923
ANTIPIRETICO SUSPENSION INFANTIL,Cliente 2,0,2026-01-01,272329.09630723443,-78256.9902292672,685467.8267113555
ANTIPIRETICO SUSPENSION INFANTIL,Cliente 2,0,2026-02-01,198862.80934852664,-115343.14891011859,657293.2317288857
ANTIPIRETICO SUSPENSION INFANTIL,Cliente 2,0,2026-03-01,346520.740829054,77154.50722626716,814626.7051383965
ANTIPIRETICO SUSPENSION INFANTIL,Cliente 2,0,2026-04-01,90962.27181038137,-294533.2165073573,465369.91129055555
ANTIPIRETICO SUSPENSION INFANTIL,Cliente 2,0,2026-05-01,53407.383768392865,-314881.32730909693,421689.0915788421
ANTIPIRETICO SUSPENSION INFANTIL,Cliente 2,0,2026-06-01,124881.47038315349,-155246.1794828137,579775.5401671766
ANTIPIRETICO SUSPENSION INFANTIL,Cliente 2,0,2026-07-01,160860.69538390267,-136863.02027627474,614490.2172634341
ANTIPIRETICO SUSPENSION INFANTIL,Cliente 2,0,2026-08-01,95170.31383123664,-238755.15859866075,513739.76924507687
ANTIPIRETICO SUSPENSION INFANTIL,Cliente 2,0,2026-09-01,252962.21264273513,-71781.58530384494,652686.747107388
ANTIPIRETICO SUSPENSION INFANTIL,Cliente 3,0,2025-10-01,401278.8674441247,-335137.667779488,1781869.794994757
ANTIPIRETICO SUSPENSION INFANTIL,Cliente 3,0,2025-11-01,1007850.7967306158,527450.191845693,2641568.8729981435
ANTIPIRETICO SUSPENSION INFANTIL,Cliente 3,0,2025-12-01,509852.1192965067,-264665.94711207005,1804839.069522466
ANTIPIRETICO SUSPENSION INFANTIL,Cliente 3,0,2026-01-01,603735.3076880736,45976.526471962425,2155293.4857504405
ANTIPIRETICO SUSPENSION INFANTIL,Cliente 3,0,2026-02-01,366248.6895852948,-246175.35733256178,1832509.149909516
ANTIPIRETICO SUSPENSION INFANTIL,Cliente 3,0,2026-03-01,239224.06217342152,-608304.7512831917,1511983.2621756876
ANTIPIRETICO SUSPENSION INFANTIL,Cliente 3,0,2026-04-01,691069.4864819444,339113.5903259844,2414804.1037855786
ANTIPIRETICO SUSPENSION INFANTIL,Cliente 3,0,2026-05-01,145131.9355806039,-889346.769602419,1081894.2108152783
ANTIPIRETICO SUSPENSION INFANTIL,Cliente 3,0,2026-06-01,389998.9431659761,-370562.3715212137,1756484.3381908808
ANTIPIRETICO SUSPENSION INFANTIL,Cliente 3,0,2026-07-01,616744.4917263252,65498.44843671122,2152284.9014742435
ANTIPIRETICO SUSPENSION INFANTIL,Cliente 3,0,2026-08-01,246592.6437224832,-650206.9527151491,1449089.5344993875
ANTIPIRETICO SUSPENSION INFANTIL,Cliente 3,0,2026-09-01,371395.4156578555,-308497.5861244153,1746850.098033256
ANTIPIRETICO SUSPENSION INFANTIL,Cliente 5,0,2025-10-01,150695.23360057906,63917.09756628206,342878.0482233959
ANTIPIRETICO SUSPENSION INFANTIL,Cliente 5,0,2025-11-01,180604.88596058168,63747.81627354304,349427.3159495448
ANTIPIRETICO SUSPENSION INFANTIL,Cliente 5,0,2025-12-01,310197.00882656727,238229.59389726582,510511.04551732965
ANTIPIRETICO SUSPENSION INFANTIL,Cliente 5,0,2026-01-01,101542.0146323617,27650.42908660415,305856.5767025062
ANTIPIRETICO SUSPENSION INFANTIL,Cliente 5,0,2026-02-01,101722.08124121492,-4681.394050911258,283472.57210201607
ANTIPIRETICO SUSPENSION INFANTIL,Cliente 5,0,2026-03-01,119866.15182904825,25848.669905883577,312486.8990427797
ANTIPIRETICO SUSPENSION INFANTIL,Cliente 5,0,2026-04-01,69433.75985513697,-83033.30933300279,203481.9270683467
ANTIPIRETICO SUSPENSION INFANTIL,Cliente 5,0,2026-05-01,56542.13382649561,-57376.10585586921,214408.13207773873
ANTIPIRETICO SUSPENSION INFANTIL,Cliente 5,0,2026-06-01,77181.97867140103,-51191.27278293497,234953.78585525218
ANTIPIRETICO SUSPENSION INFANTIL,Cliente 5,0,2026-07-01,65755.44410695952,-77910.04742455883,200743.67518374557
ANTIPIRETICO SUSPENSION INFANTIL,Cliente 5,0,2026-08-01,77847.6018486171,-17014.86266000109,269090.15009950724
ANTIPIRETICO SUSPENSION INFANTIL,Cliente 5,0,2026-09-01,114865.69886233054,10024.79681705226,290965.89788308553
ANTIPIRETICO SUSPENSION INFANTIL,Cliente Otros,0,2025-10-01,504356.7876137171,330296.86469505966,922154.2748159805
ANTIPIRETICO SUSPENSION INFANTIL,Cliente Otros,0,2025-11-01,446793.38618766237,211649.1818079232,843716.4740244272
ANTIPIRETICO SUSPENSION INFANTIL,Cliente Otros,0,2025-12-01,380886.83091313,177312.20703836487,728901.8401787616
ANTIPIRETICO SUSPENSION INFANTIL,Cliente Otros,0,2026-01-01,424572.85926432564,198639.75260384375,796179.5303338042
ANTIPIRETICO SUSPENSION INFANTIL,Cliente Otros,0,2026-02-01,431453.24946306256,307491.1211619057,916042.3353265522
ANTIPIRETICO SUSPENSION INFANTIL,Cliente Otros,0,2026-03-01,293000.3474976634,67986.5265435537,654417.905537981
ANTIPIRETICO SUSPENSION INFANTIL,Cliente Otros,0,2026-04-01,273952.38950094173,73179.0300105541,712051.6945297342
ANTIPIRETICO SUSPENSION INFANTIL,Cliente Otros,0,2026-05-01,221782.08146447936,-13576.69853024088,608040.1311773486
ANTIPIRETICO SUSPENSION INFANTIL,Cliente Otros,0,2026-06-01,229335.05835178858,-57380.484340580544,543391.1059159875
ANTIPIRETICO SUSPENSION INFANTIL,Cliente Otros,0,2026-07-01,253000.77707224697,17775.7064244392,641574.1471830861
ANTIPIRETICO SUSPENSION INFANTIL,Cliente Otros,0,2026-08-01,199599.8878606316,-37160.340412960744,552622.8316072698
ANTIPIRETICO SUSPENSION INFANTIL,Cliente Otros,0,2026-09-01,279529.44364012906,2432.1590102521172,597838.0448079292
ANTIREUMATOIDE TABLETAS,Cliente 1,0,2025-10-01,215493.58697332093,125770.68989184916,348837.814638411
ANTIREUMATOIDE TABLETAS,Cliente 1,0,2025-11-01,248114.68963716153,147584.35950231215,377844.94447608024
ANTIREUMATOIDE TABLETAS,Cliente 1,0,2025-12-01,184904.78026304205,92396.76768759637,327687.76788337645
ANTIREUMATOIDE TABLETAS,Cliente 1,0,2026-01-01,182113.61414374193,64484.10548207668,285903.76361793495
ANTIREUMATOIDE TABLETAS,Cliente 1,0,2026-02-01,184431.91648800462,126829.69184831834,360277.9661670582
ANTIREUMATOIDE TABLETAS,Cliente 1,0,2026-03-01,169851.75559624587,75704.8789851333,305937.5060972577
ANTIREUMATOIDE TABLETAS,Cliente 1,0,2026-04-01,174688.17245658618,80984.52631023135,306156.27920542104
ANTIREUMATOIDE TABLETAS,Cliente 1,0,2026-05-01,238248.4771519793,156993.47857239886,389463.79319229495
ANTIREUMATOIDE TABLETAS,Cliente 1,0,2026-06-01,175412.16322593464,82639.72300028142,309090.6558447331
ANTIREUMATOIDE TABLETAS,Cliente 1,0,2026-07-01,143802.24842040022,19248.989353777528,250219.96071298863
ANTIREUMATOIDE TABLETAS,Cliente 1,0,2026-08-01,185606.85031508026,63544.35196403854,302018.5343341338
ANTIREUMATOIDE TABLETAS,Cliente 1,0,2026-09-01,170104.36011568122,68788.83259658625,299949.0318543157
ANTIREUMATOIDE TABLETAS,Cliente 2,0,2025-10-01,135187.8904192111,49804.88394555642,307312.4386088564
ANTIREUMATOIDE TABLETAS,Cliente 2,0,2025-11-01,188222.60507911537,46160.902773164904,287413.5936162037
ANTIREUMATOIDE TABLETAS,Cliente 2,0,2025-12-01,245055.80959092945,126666.54609109322,369359.8053285619
ANTIREUMATOIDE TABLETAS,Cliente 2,0,2026-01-01,148348.62807372524,39491.303594860394,281673.5022262205
ANTIREUMATOIDE TABLETAS,Cliente 2,0,2026-02-01,140498.94862056454,17831.30154105297,263314.9632372057
ANTIREUMATOIDE TABLETAS,Cliente 2,0,2026-03-01,219879.82905599414,79528.98936205181,324101.00944950106
ANTIREUMATOIDE TABLETAS,Cliente 2,0,2026-04-01,186709.99569000327,88783.4552917462,335545.94149883685
ANTIREUMATOIDE TABLETAS,Cliente 2,0,2026-05-01,203117.855203885,114884.38849127259,363970.9204068047
ANTIREUMATOIDE TABLETAS,Cliente 2,0,2026-06-01,168785.59760693947,20676.094582605707,270077.58957438054
ANTIREUMATOIDE TABLETAS,Cliente 2,0,2026-07-01,118158.08419813057,1658.2058705074044,236392.9541532572
ANTIREUMATOIDE TABLETAS,Cliente 2,0,2026-08-01,145701.6206815451,64391.73607333528,300004.75326867116
ANTIREUMATOIDE TABLETAS,Cliente 2,0,2026-09-01,133388.31298670956,33694.03939726278,272813.7269762212
ANTIREUMATOIDE TABLETAS,Cliente 3,0,2025-10-01,149483.67356319606,67286.39228396607,299816.7811946411
ANTIREUMATOIDE TABLETAS,Cliente 3,0,2025-11-01,76962.8028177868,-51333.69677059148,187775.94140130715
ANTIREUMATOIDE TABLETAS,Cliente 3,0,2025-12-01,120066.88790269273,106846.63794493988,347477.8748411859
ANTIREUMATOIDE TABLETAS,Cliente 3,0,2026-01-01,102211.7659657229,-7659.926062218518,234730.92081021125
ANTIREUMATOIDE TABLETAS,Cliente 3,0,2026-02-01,85127.46145839339,-38665.640628960646,228168.40646020297
ANTIREUMATOIDE TABLETAS,Cliente 3,0,2026-03-01,83981.07710447679,-52831.99195565936,187018.02280163838
ANTIREUMATOIDE TABLETAS,Cliente 3,0,2026-04-01,120094.35651807168,-33393.487907531744,214815.11178326685
ANTIREUMATOIDE TABLETAS,Cliente 3,0,2026-05-01,78917.91997006835,-41715.93423079429,205254.8471892811
ANTIREUMATOIDE TABLETAS,Cliente 3,0,2026-06-01,141261.36962673676,53297.47844867918,308487.4839980004
ANTIREUMATOIDE TABLETAS,Cliente 3,0,2026-07-01,102784.01652861109,-52804.447304167625,188266.51373286662
ANTIREUMATOIDE TABLETAS,Cliente 3,0,2026-08-01,92778.16725629939,-47029.55574257523,200847.90664670974
ANTIREUMATOIDE TABLETAS,Cliente 3,0,2026-09-01,92120.66706840211,-3371.889990715175,236037.7018374975
ANTIREUMATOIDE TABLETAS,Cliente 5,0,2025-10-01,26251.42448036779,-62296.71808210552,73846.11288594345
ANTIREUMATOIDE TABLETAS,Cliente 5,0,2025-11-01,23262.799219658973,-59566.74211724886,80552.99425652147
ANTIREUMATOIDE TABLETAS,Cliente 5,0,2025-12-01,55088.53790574396,4668.510922195379,142195.60818706197
ANTIREUMATOIDE TABLETAS,Cliente 5,0,2026-01-01,20019.17125465734,-74806.42996693905,63600.08975571298
ANTIREUMATOIDE TABLETAS,Cliente 5,0,2026-02-01,27804.186664071767,-73096.11806539407,79483.5463412416
ANTIREUMATOIDE TABLETAS,Cliente 5,0,2026-03-01,26087.45262030987,-82169.02861885408,62070.723935348266
ANTIREUMATOIDE TABLETAS,Cliente 5,0,2026-04-01,5626.481955804596,-99928.78370398622,48958.914039467716
ANTIREUMATOIDE TABLETAS,Cliente 5,0,2026-05-01,45502.565616846994,-8985.449806151406,131696.19875736564
ANTIREUMATOIDE TABLETAS,Cliente 5,0,2026-06-01,48799.0380368523,5560.277502789644,145318.21060354722
ANTIREUMATOIDE TABLETAS,Cliente 5,0,2026-07-01,7601.154526440674,-85125.16592711791,50516.60428434996
ANTIREUMATOIDE TABLETAS,Cliente 5,0,2026-08-01,6827.920259646671,-88566.63212390924,52492.114772863424
ANTIREUMATOIDE TABLETAS,Cliente 5,0,2026-09-01,18281.932788153234,-73575.79439577446,64036.479498249464
ANTIREUMATOIDE TABLETAS,Cliente Otros,0,2025-10-01,99859.24113268989,-60388.7156704486,163480.7447892924
ANTIREUMATOIDE TABLETAS,Cliente Otros,0,2025-11-01,115450.92567543178,-31988.28089422613,194414.049655256
ANTIREUMATOIDE TABLETAS,Cliente Otros,0,2025-12-01,89001.97172472086,-29234.87250615744,187123.12479749348
ANTIREUMATOIDE TABLETAS,Cliente Otros,0,2026-01-01,173759.5901150938,23348.737544470714,246896.41507920795
ANTIREUMATOIDE TABLETAS,Cliente Otros,0,2026-02-01,166397.83373494743,12392.850451933775,235241.2518034231
ANTIREUMATOIDE TABLETAS,Cliente Otros,0,2026-03-01,127819.44668879871,-36302.49427295411,183807.62047729403
ANTIREUMATOIDE TABLETAS,Cliente Otros,0,2026-04-01,130753.13478779756,-66235.52684621939,160977.76156335208
ANTIREUMATOIDE TABLETAS,Cliente Otros,0,2026-05-01,130529.30072547427,-56571.93312344033,166081.52622917757
ANTIREUMATOIDE TABLETAS,Cliente Otros,0,2026-06-01,150734.3528133599,-42061.58986501579,180857.8390899439
ANTIREUMATOIDE TABLETAS,Cliente Otros,0,2026-07-01,137195.9022677898,-60607.39725080273,168353.03719151163
ANTIREUMATOIDE TABLETAS,Cliente Otros,0,2026-08-01,149338.06200564405,-83902.77150522154,142779.30959606578
ANTIREUMATOIDE TABLETAS,Cliente Otros,0,2026-09-01,124438.12993755292,-77565.1408074053,136900.53999117727
DESCONGESTIONANTE SOLUCION NASAL ADULTO,Cliente 1,0,2025-10-01,186798.18602479823,132456.7501702962,455545.54432657437
DESCONGESTIONANTE SOLUCION NASAL ADULTO,Cliente 1,0,2025-11-01,207274.61238059695,177716.25743865853,512831.54984188225
DESCONGESTIONANTE SOLUCION NASAL ADULTO,Cliente 1,0,2025-12-01,199263.82739345587,180663.40586461377,508757.9235879194
DESCONGESTIONANTE SOLUCION NASAL ADULTO,Cliente 1,0,2026-01-01,275983.9502351567,184718.89734630016,514909.02335068176
DESCONGESTIONANTE SOLUCION NASAL ADULTO,Cliente 1,0,2026-02-01,251654.73557948065,190525.2013121691,522325.0870926778
DESCONGESTIONANTE SOLUCION NASAL ADULTO,Cliente 1,0,2026-03-01,253369.1204591915,214250.46284871435,557742.8047401498
DESCONGESTIONANTE SOLUCION NASAL ADULTO,Cliente 1,0,2026-04-01,255136.08504206562,235733.36756223597,568953.2579051176
DESCONGESTIONANTE SOLUCION NASAL ADULTO,Cliente 1,0,2026-05-01,280189.2575912355,173153.5656513771,492591.12540540134
DESCONGESTIONANTE SOLUCION NASAL ADULTO,Cliente 1,0,2026-06-01,228576.66995447388,147313.51481760736,483509.0881311335
DESCONGESTIONANTE SOLUCION NASAL ADULTO,Cliente 1,0,2026-07-01,209268.25199464345,162736.77870845815,486020.4475187999
DESCONGESTIONANTE SOLUCION NASAL ADULTO,Cliente 1,0,2026-08-01,210809.53726820197,151545.4016755578,480875.14136244776
DESCONGESTIONANTE SOLUCION NASAL ADULTO,Cliente 1,0,2026-09-01,240230.2796821786,114073.51654377731,449974.4406858533
DESCONGESTIONANTE SOLUCION NASAL ADULTO,Cliente 2,0,2025-10-01,112278.08902702742,67939.74381969214,280438.18303578615
DESCONGESTIONANTE SOLUCION NASAL ADULTO,Cliente 2,0,2025-11-01,86428.11573892472,10353.478355457295,222637.02815779648
DESCONGESTIONANTE SOLUCION NASAL ADULTO,Cliente 2,0,2025-12-01,123278.03887242237,64478.27872656352,279068.3432739466
DESCONGESTIONANTE SOLUCION NASAL ADULTO,Cliente 2,0,2026-01-01,207918.77921277215,130580.94191134961,338478.86119872605
DESCONGESTIONANTE SOLUCION NASAL ADULTO,Cliente 2,0,2026-02-01,56245.22046956911,-31525.536577437968,188625.52423291764
DESCONGESTIONANTE SOLUCION NASAL ADULTO,Cliente 2,0,2026-03-01,166901.30921402675,118215.98598133634,326820.6868755782
DESCONGESTIONANTE SOLUCION NASAL ADULTO,Cliente 2,0,2026-04-01,156037.39827575642,126081.90009802695,328352.2267700309
DESCONGESTIONANTE SOLUCION NASAL ADULTO,Cliente 2,0,2026-05-01,68578.38405611864,1159.1211652654247,201845.45730198215
DESCONGESTIONANTE SOLUCION NASAL ADULTO,Cliente 2,0,2026-06-01,69169.3250537743,-507.39840197622374,200396.5515735399
DESCONGESTIONANTE SOLUCION NASAL ADULTO,Cliente 2,0,2026-07-01,56871.36293512385,3682.3178295760868,215272.09661968282
DESCONGESTIONANTE SOLUCION NASAL ADULTO,Cliente 2,0,2026-08-01,57209.537412377154,1134.2105940005476,219653.4229791958
DESCONGESTIONANTE SOLUCION NASAL ADULTO,Cliente 2,0,2026-09-01,106616.08042462589,36012.43518146721,237080.66652519477
DESCONGESTIONANTE SOLUCION NASAL ADULTO,Cliente 3,0,2025-10-01,131188.52533638323,11940.911711960616,382363.8924433888
DESCONGESTIONANTE SOLUCION NASAL ADULTO,Cliente 3,0,2025-11-01,95513.03607076348,-24266.161456483907,348212.0995316428
DESCONGESTIONANTE SOLUCION NASAL ADULTO,Cliente 3,0,2025-12-01,96506.92490207072,-14630.886986537098,352862.8478655094
DESCONGESTIONANTE SOLUCION NASAL ADULTO,Cliente 3,0,2026-01-01,159957.34473870657,113785.98435095519,482429.74498440936
DESCONGESTIONANTE SOLUCION NASAL ADULTO,Cliente 3,0,2026-02-01,102239.29103872106,-59737.19497674724,303582.28929564817
DESCONGESTIONANTE SOLUCION NASAL ADULTO,Cliente 3,0,2026-03-01,178771.14101121912,58585.62044620275,417566.9578648271
DESCONGESTIONANTE SOLUCION NASAL ADULTO,Cliente 3,0,2026-04-01,155144.23118510077,118356.32721031773,473543.5590709227
DESCONGESTIONANTE SOLUCION NASAL ADULTO,Cliente 3,0,2026-05-01,54436.75591339503,-123017.18132861452,239135.10992313462
DESCONGESTIONANTE SOLUCION NASAL ADULTO,Cliente 3,0,2026-06-01,95580.09290060897,-28740.117772122674,338673.0762998364
DESCONGESTIONANTE SOLUCION NASAL ADULTO,Cliente 3,0,2026-07-01,109351.50096116452,15455.713281638635,361207.1735527412
DESCONGESTIONANTE SOLUCION NASAL ADULTO,Cliente 3,0,2026-08-01,64136.06209331864,-86731.77851151525,275440.18337299186
DESCONGESTIONANTE SOLUCION NASAL ADULTO,Cliente 3,0,2026-09-01,109489.99379624962,-12418.35495587343,350200.8995068824
DESCONGESTIONANTE SOLUCION NASAL ADULTO,Cliente 5,0,2025-10-01,51500.899309819426,20143.127248340552,131253.38758168413
DESCONGESTIONANTE SOLUCION NASAL ADULTO,Cliente 5,0,2025-11-01,97719.65234405221,66987.82006852503,173170.36609417613
DESCONGESTIONANTE SOLUCION NASAL ADULTO,Cliente 5,0,2025-12-01,62356.51669565507,14145.293712655648,123657.56650309329
DESCONGESTIONANTE SOLUCION NASAL ADULTO,Cliente 5,0,2026-01-01,102905.68051373691,51516.1724631384,165079.6925375432
DESCONGESTIONANTE SOLUCION NASAL ADULTO,Cliente 5,0,2026-02-01,76118.60493436966,30286.700308002615,142048.1016607738
DESCONGESTIONANTE SOLUCION NASAL ADULTO,Cliente 5,0,2026-03-01,76642.41362642233,20927.90539307797,129263.04431961621
DESCONGESTIONANTE SOLUCION NASAL ADULTO,Cliente 5,0,2026-04-01,56550.65327245055,18145.738866715103,123329.80640276428
DESCONGESTIONANTE SOLUCION NASAL ADULTO,Cliente 5,0,2026-05-01,73978.13897161858,32108.053671629867,136572.97206051007
DESCONGESTIONANTE SOLUCION NASAL ADULTO,Cliente 5,0,2026-06-01,33305.56441353191,-9034.59237466025,97696.28743009902
DESCONGESTIONANTE SOLUCION NASAL ADULTO,Cliente 5,0,2026-07-01,46343.481713935245,14824.06905456793,120628.17111458509
DESCONGESTIONANTE SOLUCION NASAL ADULTO,Cliente 5,0,2026-08-01,63385.26292585701,31948.219298752112,143470.96741229855
DESCONGESTIONANTE SOLUCION NASAL ADULTO,Cliente 5,0,2026-09-01,62150.20152181285,18426.95867852173,127649.31219093944
DESCONGESTIONANTE SOLUCION NASAL ADULTO,Cliente Otros,0,2025-10-01,104497.47672281034,45650.18549949757,166821.1886502018
DESCONGESTIONANTE SOLUCION NASAL ADULTO,Cliente Otros,0,2025-11-01,123009.82174732776,76660.8429188651,190776.9859504285
DESCONGESTIONANTE SOLUCION NASAL ADULTO,Cliente Otros,0,2025-12-01,95542.63276587555,35064.8064151372,152441.6367601367
DESCONGESTIONANTE SOLUCION NASAL ADULTO,Cliente Otros,0,2026-01-01,147348.46383040943,122230.92740782419,244596.75566230502
DESCONGESTIONANTE SOLUCION NASAL ADULTO,Cliente Otros,0,2026-02-01,107400.3681829486,71810.89534654541,194871.23650297968
DESCONGESTIONANTE SOLUCION NASAL ADULTO,Cliente Otros,0,2026-03-01,90078.98106355732,52344.58267276195,169396.20429600842
DESCONGESTIONANTE SOLUCION NASAL ADULTO,Cliente Otros,0,2026-04-01,109782.69136501609,63795.18956843364,172209.66508817673
DESCONGESTIONANTE SOLUCION NASAL ADULTO,Cliente Otros,0,2026-05-01,80997.22145743131,36697.87777139861,154116.96696788043
DESCONGESTIONANTE SOLUCION NASAL ADULTO,Cliente Otros,0,2026-06-01,94272.56044223695,49227.91838957059,172487.42253104263
DESCONGESTIONANTE SOLUCION NASAL ADULTO,Cliente Otros,0,2026-07-01,52685.74745716087,-464.21010808903526,115285.30999437459
DESCONGESTIONANTE SOLUCION NASAL ADULTO,Cliente Otros,0,2026-08-01,69812.77156576213,33816.94816290594,156621.64630725968
DESCONGESTIONANTE SOLUCION NASAL ADULTO,Cliente Otros,0,2026-09-01,90521.2871700041,42924.915793390195,160479.65282373544
